m1,m2,th,v0,lHS,lS,mu3,Tc,xic,Tc_Test,xic_Test,Tn,status,error_msg
125.2,60.0,0.0,246.22,0.2782559402207126,0.068743269228646,0.0,83.47326356470867,2.757202351686797,,,,Trapped_FOPT,
125.2,60.0,0.0,246.22,0.2782559402207126,0.0960674823623474,0.0,102.79142564944628,2.07115334644689,102.79142564944628,2.07115334644689,79.31286832825678,Nucleation_FOPT,
125.2,60.0,0.0,246.22,0.2782559402207126,0.1342525787760196,0.0,,,,,,no_transition,
125.2,60.0,0.0,246.22,0.2782559402207126,0.1876155642346216,0.0,123.7024311512375,1.0633730294208996,123.7024311512375,1.0633730294208996,123.32101583423095,Nucleation_FOPT,
125.2,60.0,0.0,246.22,0.1930697728883249,0.0147664073194793,0.0,83.88458725525383,2.742969577615931,,,,Trapped_FOPT,
125.2,60.0,0.0,246.22,0.1930697728883249,0.0204220744883036,0.0,103.0142323020551,2.0687666904158895,,,,Trapped_FOPT,
125.2,60.0,0.0,246.22,0.1930697728883249,0.0390615866441769,0.0,122.96965776540688,1.4971375289001183,,,,Trapped_FOPT,
125.2,60.0,0.0,246.22,0.1930697728883249,0.0540225265915823,0.0,128.79949072578628,1.3382788321487897,128.79949072578628,1.3382788321487897,122.78515089805124,Nucleation_FOPT,
125.2,60.0,0.0,246.22,0.1930697728883249,0.0747136414586294,0.0,133.0738377866299,1.2206297789203417,133.0738377866299,1.2206297789203417,131.50410876673843,Nucleation_FOPT,
125.2,60.0,0.0,246.22,0.4393970560760795,0.2231189271057639,0.0,59.78452814132589,4.037468798500721,,,,Trapped_FOPT,
125.2,60.0,0.0,246.22,0.4393970560760795,0.2504084595326243,0.0,74.10943744568866,3.17734410924685,,,,Trapped_FOPT,
125.2,60.0,0.0,246.22,0.4393970560760795,0.2810357571134183,0.0,84.14872336117205,2.7248327636631893,84.14872336117205,2.7248327636631893,56.43973776027843,Nucleation_FOPT,
125.2,60.0,0.0,246.22,0.4393970560760795,0.3154090597567142,0.0,92.02646856000985,2.4235273787121305,92.02646856000985,2.4235273787121305,77.21994665736474,Nucleation_FOPT,
125.2,60.0,0.0,246.22,0.4393970560760795,0.3539865389316491,0.0,98.52664145771872,2.200175649579025,98.52664145771872,2.200175649579025,90.36064169392338,Nucleation_FOPT,
125.2,60.0,0.0,246.22,0.4393970560760795,0.3972824047649774,0.0,104.05194482037787,2.0238056329328793,,,,error,ValueError: The function value at x=1.4003211011660903e+308 is NaN; solver cannot continue.
125.2,60.0,0.0,246.22,0.4393970560760795,0.4458737600932313,0.0,108.84089885150317,1.8786435164988367,108.84089885150317,1.8786435164988367,108.0137464500611,Nucleation_FOPT,
125.2,60.0,0.0,246.22,0.2154434690031882,0.0282314014399266,0.0,91.78067482900838,2.4407258364994973,,,,Trapped_FOPT,
125.2,60.0,0.0,246.22,0.2154434690031882,0.0440951559475664,0.0,111.77829064960038,1.8068102086498077,111.77829064960038,1.8068102086498077,83.34159859682292,Nucleation_FOPT,
125.2,60.0,0.0,246.22,0.2154434690031882,0.0688730519516587,0.0,123.47811604972459,1.4811515031390958,123.47811604972459,1.4811515031390958,116.00249881375474,Nucleation_FOPT,
125.2,60.0,0.0,246.22,0.2154434690031882,0.1075741129201671,0.0,131.02888787174732,1.1395711827080799,131.02888787174732,1.1395711827080799,130.55258118771738,Nucleation_FOPT,
125.2,60.0,0.0,246.22,0.4641588833612772,0.2306954846308584,0.0,,,,,,no_transition,
125.2,60.0,0.0,246.22,0.4641588833612772,0.2715266917152852,0.0,66.4727229826415,3.5951668715811635,,,,Trapped_FOPT,
125.2,60.0,0.0,246.22,0.4641588833612772,0.3761485535802796,0.0,,,,,,no_transition,
125.2,60.0,0.0,246.22,0.4641588833612772,0.4427237598974717,0.0,102.27244136460499,2.0783810653266506,,,,error,ValueError: The function value at x=1.3702549711677884e+308 is NaN; solver cannot continue.
125.2,60.0,0.0,246.22,0.4641588833612772,0.5210822312411787,0.0,109.82445682862877,0.983210714417155,109.82445682862877,0.983210714417155,109.54004043265132,Nucleation_FOPT,
125.2,60.0,0.0,246.22,0.1373823795883264,0.0041659015485923,0.0,137.4958733023798,1.1034367414964346,,,,error,ValueError: The function value at x=2.759634262782638e+307 is NaN; solver cannot continue.
125.2,60.0,0.0,246.22,0.2043359717856943,0.0410488668572264,0.0,117.14938119250037,1.6561370531384885,117.14938119250037,1.6561370531384885,96.17657664115669,Nucleation_FOPT,
125.2,60.0,0.0,246.22,0.3039195382313201,0.1306501983427842,0.0,103.16130443740784,2.0582798474517263,103.16130443740784,2.0582798474517263,86.21713013952233,Nucleation_FOPT,
125.2,60.0,0.0,246.22,0.452035365636025,0.3155022447327527,0.0,86.96703988816127,2.612165933693262,86.96703988816127,2.612165933693262,66.42713104952072,Nucleation_FOPT,
125.2,60.0,0.0,246.22,0.452035365636025,0.4634486652061637,0.0,107.3515151890232,1.92251635121481,107.3515151890232,1.92251635121481,106.11831558464662,Nucleation_FOPT,
125.2,60.0,0.0,246.22,0.6723357536499335,0.6754085482749848,0.0,61.96440580325292,3.8818235109637196,5.185195277729615,0.0,5.185195277729615,Nucleation_FOPT,
125.2,60.0,0.0,246.22,0.6723357536499335,0.7697996370131341,0.0,77.09293874416092,3.0291110033543225,77.09293874416092,3.0291110033543225,60.695767373936896,Nucleation_FOPT,
125.2,60.0,0.0,246.22,0.6723357536499335,0.8773822639039008,0.0,87.69066335325667,2.5791720364641044,87.69066335325667,2.5791720364641044,81.10375279087523,Nucleation_FOPT,
125.2,60.0,0.0,246.22,0.6723357536499335,1.0,0.0,95.98008010888891,2.2788405026152736,,,,error,ValueError: The function value at x=1.2342072228072463e+308 is NaN; solver cannot continue.
125.2,60.0,0.0,246.22,0.3162277660168379,0.0754017798305583,0.0,,,,,,meta_stable,
125.2,60.0,0.0,246.22,0.3162277660168379,0.0976435223578991,0.0,76.92535043954892,3.0437547151802824,,,,Trapped_FOPT,
125.2,60.0,0.0,246.22,0.3162277660168379,0.1264460531287559,0.0,,,,,,no_transition,
125.2,60.0,0.0,246.22,0.3162277660168379,0.1637446495757918,0.0,107.20053092891042,1.934435946553582,,,,Trapped_FOPT,
125.2,60.0,0.0,246.22,0.3162277660168379,0.212045450223715,0.0,115.99322421802228,1.6798022335533218,115.99322421802228,1.6798022335533218,113.31669655884045,Nucleation_FOPT,
125.2,60.0,0.0,246.22,0.1623776739188721,0.0068569556241709,0.0,103.93308920719645,2.042106081491942,,,,Trapped_FOPT,
125.2,60.0,0.0,246.22,0.1623776739188721,0.0127824741025305,0.0,123.4926851072237,1.4857696618316434,,,,error,ValueError: The function value at x=2.1038027652899523e+307 is NaN; solver cannot continue.
125.2,60.0,0.0,246.22,0.1623776739188721,0.0238285987451786,0.0,133.11218000203604,1.2233518440891518,,,,error,KeyError: np.float64(143.56556930063007)
125.2,60.0,0.0,246.22,0.1623776739188721,0.0444203613169315,0.0,138.1331001667085,1.08151189049379,138.1331001667085,1.08151189049379,136.56971560980782,Nucleation_FOPT,
125.2,60.0,0.0,246.22,0.2976351441631319,0.0842881277105748,0.0,81.37494971903259,2.8448021688531466,,,,Trapped_FOPT,
125.2,60.0,0.0,246.22,0.2976351441631319,0.1148274197658596,0.0,100.41402060473281,2.145283146206297,100.41402060473281,2.145283146206297,77.42210607873935,Nucleation_FOPT,
125.2,60.0,0.0,246.22,0.2976351441631319,0.1564317145038528,0.0,112.6219810932056,1.7769237236920707,112.6219810932056,1.7769237236920707,105.72382242650774,Nucleation_FOPT,
125.2,60.0,0.0,246.22,0.2976351441631319,0.2131100860100539,0.0,121.42277071875867,1.1639967579317925,121.42277071875867,1.1639967579317925,120.98935250697178,Nucleation_FOPT,
125.2,60.0,0.0,246.22,0.5455594781168515,0.3522467934152463,0.0,,,,,,meta_stable,
125.2,60.0,0.0,246.22,0.5455594781168515,0.395546345419264,0.0,59.781729628530066,4.036595650556931,,,,Trapped_FOPT,
125.2,60.0,0.0,246.22,0.5455594781168515,0.4441684475182614,0.0,74.2032334551291,3.170762131044415,74.2032334551291,3.170762131044415,39.95930828124379,Nucleation_FOPT,
125.2,60.0,0.0,246.22,0.5455594781168515,0.4987673683640468,0.0,84.34063587403733,2.7143961781879513,84.34063587403733,2.7143961781879513,68.64750116247906,Nucleation_FOPT,
125.2,60.0,0.0,246.22,0.5455594781168515,0.5600778018672047,0.0,92.30390772372427,2.4102910191420612,,,,Trapped_FOPT,
125.2,60.0,0.0,246.22,0.5455594781168515,0.6289247533841104,0.0,98.8872268182852,2.18445722157487,,,,error,ValueError: The function value at x=1.3032683231738178e+308 is NaN; solver cannot continue.
125.2,60.0,0.0,246.22,0.5455594781168515,0.7062346411526744,0.0,105.0417437176623,1.0410449417617986,105.0417437176623,1.0410449417617986,104.74243372909733,Nucleation_FOPT,
125.2,60.0,0.0,246.22,0.146779926762207,0.0031218228510924,0.0,111.20474682995571,1.827838798493228,,,,Trapped_FOPT,
125.2,60.0,0.0,246.22,0.146779926762207,0.0064210673221382,0.0,129.63922687705994,1.3205278113170305,,,,Trapped_FOPT,
125.2,60.0,0.0,246.22,0.146779926762207,0.0132070612337929,0.0,137.3378948431301,1.106602035218535,137.3378948431301,1.106602035218535,125.91440682210376,Nucleation_FOPT,
125.2,60.0,0.0,246.22,0.146779926762207,0.0271647154098162,0.0,140.61302973054944,1.0109952990082363,140.61302973054944,1.0109952990082363,138.48467311037547,Nucleation_FOPT,
125.2,60.0,0.0,246.22,0.2371373705661655,0.0404608161934267,0.0,88.55160997630546,2.558542255389127,,,,Trapped_FOPT,
125.2,60.0,0.0,246.22,0.2371373705661655,0.0604164647932995,0.0,,,,,,no_transition,
125.2,60.0,0.0,246.22,0.3831186849557293,0.1687955445767136,0.0,73.2943971224634,3.2195342617916336,,,,Trapped_FOPT,
125.2,60.0,0.0,246.22,0.3831186849557293,0.2108341011210571,0.0,90.92549047174128,2.465320677175857,90.92549047174128,2.465320677175857,67.42358492136404,Nucleation_FOPT,
125.2,60.0,0.0,246.22,0.3831186849557293,0.2633423666897926,0.0,102.7691325955271,2.0664648559709344,102.7691325955271,2.0664648559709344,94.51561161718851,Nucleation_FOPT,
125.2,60.0,0.0,246.22,0.3831186849557293,0.3289278239385104,0.0,111.63118691283331,1.799914399770616,111.63118691283331,1.799914399770616,110.00113977126416,Nucleation_FOPT,
125.2,60.0,0.0,246.22,0.618965818891261,0.5244832184220388,0.0,53.47692743981021,4.544199585661427,,,,Trapped_FOPT,
125.2,60.0,0.0,246.22,0.618965818891261,0.568545396328028,0.0,66.18609911895314,3.6106284407296196,,,,timeout,exceeded 30s
125.2,60.0,0.0,246.22,0.618965818891261,0.6163092665925642,0.0,75.21152647204187,3.1198882816374427,75.21152647204187,3.1198882816374427,52.402549124641816,Nucleation_FOPT,
125.2,60.0,0.0,246.22,0.618965818891261,0.6680858108095798,0.0,82.39854163089679,2.7935992261417697,,,,Trapped_FOPT,
125.2,60.0,0.0,246.22,0.618965818891261,0.7242121363399255,0.0,88.42365145662365,2.5519770415605176,88.42365145662365,2.5519770415605176,80.51521847337995,Nucleation_FOPT,
125.2,60.0,0.0,246.22,0.618965818891261,0.785053671154122,0.0,93.62829614987871,2.3614149499381107,93.62829614987871,2.3614149499381107,89.47546246664022,Nucleation_FOPT,
125.2,60.0,0.0,246.22,0.618965818891261,0.8510065430652842,0.0,98.21263100405012,2.204760998672399,,,,error,ValueError: The function value at x=1.2689057799186885e+308 is NaN; solver cannot continue.
125.2,60.0,0.0,246.22,0.3831186849557293,0.1559079157167586,0.0,63.91371430698769,3.755650033431966,,,,Trapped_FOPT,
125.2,60.0,0.0,246.22,0.3831186849557293,0.1798685484206663,0.0,79.27020538532756,2.9347120055565257,,,,Trapped_FOPT,
125.2,60.0,0.0,246.22,0.3831186849557293,0.2075115593856917,0.0,89.91264191910825,2.502542805679741,89.91264191910825,2.502542805679741,64.37927320118798,Nucleation_FOPT,
125.2,60.0,0.0,246.22,0.3831186849557293,0.2394028731358454,0.0,98.15678918367212,2.2147276023846123,,,,Trapped_FOPT,
125.2,60.0,0.0,246.22,0.3831186849557293,0.2761953880321984,0.0,104.86910081576751,2.0013619387650823,104.86910081576751,2.0013619387650823,98.40407661942342,Nucleation_FOPT,
125.2,60.0,0.0,246.22,0.3831186849557293,0.3186423428050113,0.0,110.49830681481167,1.8329078719074219,110.49830681481167,1.8329078719074219,108.1301253189323,Nucleation_FOPT,
125.2,60.0,0.0,246.22,0.618965818891261,0.5095884952976502,0.0,46.89890106635931,5.209480896781475,,,,Trapped_FOPT,
125.2,60.0,0.0,246.22,0.618965818891261,0.5367118482491764,0.0,57.72036386712137,4.190905381261647,,,,Trapped_FOPT,
125.2,60.0,0.0,246.22,0.618965818891261,0.5652788685560721,0.0,65.4374963575147,3.6565223086763554,,,,timeout,exceeded 30s
125.2,60.0,0.0,246.22,0.618965818891261,0.5953663968448146,0.0,71.6297809375544,3.3020831386873053,71.6297809375544,3.3020831386873053,41.9250853363162,Nucleation_FOPT,
125.2,60.0,0.0,246.22,0.618965818891261,0.6270553636604178,0.0,76.87520430270477,3.0400444212697693,76.87520430270477,3.0400444212697693,56.65006030066747,Nucleation_FOPT,
125.2,60.0,0.0,246.22,0.618965818891261,0.6604310071564016,0.0,81.45366758579864,2.833901043012707,,,,Trapped_FOPT,
125.2,60.0,0.0,246.22,0.618965818891261,0.6955831023715262,0.0,85.53038532457211,2.6648693919404964,,,,Trapped_FOPT,
125.2,60.0,0.0,246.22,0.618965818891261,0.7326062027100074,0.0,89.21167035933374,2.5221441998560037,89.21167035933374,2.5221441998560037,81.91879696519351,Nucleation_FOPT,
125.2,60.0,0.0,246.22,0.618965818891261,0.7715998942747561,0.0,92.57067856024959,2.3989538205895347,92.57067856024959,2.3989538205895347,87.7085238690016,Nucleation_FOPT,
125.2,60.0,0.0,246.22,0.618965818891261,0.8126690637377565,0.0,95.66026388081812,2.2908123747677536,95.66026388081812,2.2908123747677536,92.80953111470404,Nucleation_FOPT,
125.2,60.0,0.0,246.22,0.618965818891261,0.8559241804681109,0.0,98.52005020154056,2.1945782843755155,,,,error,ValueError: The function value at x=1.2711895652223141e+308 is NaN; solver cannot continue.
125.2,60.0,0.0,246.22,0.618965818891261,0.9014815936766298,0.0,101.83060127550353,1.0192416126447985,101.83060127550353,1.0192416126447985,101.55246454075257,Nucleation_FOPT,
125.2,60.0,0.0,246.22,0.2371373705661655,0.0902144237691628,0.0,120.35584557985398,1.5647476533176017,120.35584557985398,1.5647476533176017,113.28177992117496,Nucleation_FOPT,
125.2,60.0,0.0,246.22,0.2371373705661655,0.1347090115889187,0.0,128.4810559853536,1.0241866485713815,128.4810559853536,1.0241866485713815,128.1021922809411,Nucleation_FOPT,
125.2,60.0,0.0,246.22,0.146779926762207,0.0024129675468604,0.0,98.04296901163188,2.2292983863754463,,,,Trapped_FOPT,
125.2,60.0,0.0,246.22,0.146779926762207,0.0060986803104115,0.0,128.81458939972188,1.3429611451312033,,,,Trapped_FOPT,
125.2,60.0,0.0,246.22,0.146779926762207,0.0096956752851361,0.0,134.8069663253118,1.1781787207351129,134.8069663253118,1.1781787207351129,113.33943385400502,Nucleation_FOPT,
125.2,60.0,0.0,246.22,0.146779926762207,0.0154141739606049,0.0,138.2942535249106,1.079073389572411,,,,error,KeyError: np.float64(147.32169230408672)
125.2,60.0,0.0,246.22,0.146779926762207,0.0245054368984528,0.0,140.30009260020688,1.0203006470291813,140.30009260020688,1.0203006470291813,137.32070380944444,Nucleation_FOPT,
125.2,60.0,0.0,246.22,0.2371373705661655,0.0350629688358235,0.0,77.32814407112085,3.0269294106840383,,,,Trapped_FOPT,
125.2,60.0,0.0,246.22,0.2371373705661655,0.0453715276569952,0.0,95.48150415137259,2.310737960901517,,,,Trapped_FOPT,
125.2,60.0,0.0,246.22,0.2371373705661655,0.058710816290783,0.0,107.28832132711828,1.9365574379758355,107.28832132711828,1.9365574379758355,78.53768996007241,Nucleation_FOPT,
125.2,60.0,0.0,246.22,0.2371373705661655,0.075971873276756,0.0,,,,,,no_transition,
125.2,60.0,0.0,246.22,0.2371373705661655,0.098307703653672,0.0,122.33551277565785,1.510373367787801,122.33551277565785,1.510373367787801,117.16360298946414,Nucleation_FOPT,
125.2,60.0,0.0,246.22,0.2371373705661655,0.1272102974537956,0.0,127.39404983901653,1.3719515296421732,127.39404983901653,1.3719515296421732,126.38221232461014,Nucleation_FOPT,
125.2,32.5,0.0,246.22,0.1,0.0214503601702362,0.0,112.2730408448283,1.798286080854294,112.2730408448283,1.798286080854294,109.53255042551359,Nucleation_FOPT,
125.2,46.25,0.0,246.22,0.1,0.0060150861291252,0.0,123.53347376691481,1.4891089851278363,123.53347376691481,1.4891089851278363,84.63046373674288,Nucleation_FOPT,
125.2,30.0,0.0,246.22,0.1,0.0242294290686417,0.0,111.75716042890829,1.0179696748617562,111.75716042890829,1.0179696748617562,111.4265287886904,Nucleation_FOPT,
125.2,40.0,0.0,246.22,0.1,0.0128134852228104,0.0,116.92652111196658,1.6687255124902975,,,,Trapped_FOPT,
125.2,50.0,0.0,246.22,0.1,0.0026240464355978,0.0,131.1323148928907,1.284026220982177,,,,Trapped_FOPT,
125.2,10.0,0.0,246.22,0.0059948425031894,4.863270918156887e-05,0.0,120.1259830344446,1.5891519114190056,,,,Trapped_FOPT,
125.2,20.0,0.0,246.22,0.0774263682681127,0.0136462057108806,0.0,95.11945408211227,1.215329437178718,95.11945408211227,1.215329437178718,94.74466883154633,Nucleation_FOPT,
125.2,30.0,0.0,246.22,0.0774263682681127,0.0080511025588707,0.0,98.70267027199486,2.209642393886201,98.70267027199486,2.209642393886201,73.33626464412023,Nucleation_FOPT,
125.2,30.0,0.0,246.22,0.0774263682681127,0.0147103646714549,0.0,119.188502834811,1.011143961722971,119.188502834811,1.011143961722971,118.81816455626233,Nucleation_FOPT,
125.2,30.0,0.0,246.22,0.2782559402207126,0.1512903091843526,0.0,74.11844113294474,3.1771785062951112,74.11844113294474,3.1771785062951112,69.15796814250872,Nucleation_FOPT,
125.2,40.0,0.0,246.22,0.0774263682681127,0.0024851337664442,0.0,108.12249575728899,1.920391035091599,,,,Trapped_FOPT,
125.2,40.0,0.0,246.22,0.0774263682681127,0.0052593375963717,0.0,127.07732682332148,1.3953942702418554,127.07732682332148,1.3953942702418554,108.38688428826667,Nucleation_FOPT,
125.2,40.0,0.0,246.22,0.0774263682681127,0.011130439868509,0.0,135.56497719198802,1.1639699081522088,135.56497719198802,1.1639699081522088,133.73652457966026,Nucleation_FOPT,
125.2,40.0,0.0,246.22,0.2782559402207126,0.1272115921273534,0.0,76.31649258071694,3.07140647374248,,,,error,ValueError: The function value at x=1.35363262548113e+308 is NaN; solver cannot continue.
125.2,40.0,0.0,246.22,0.2782559402207126,0.1646117576302412,0.0,94.60012769703964,2.3362059205568255,,,,error,ValueError: The function value at x=1.4542100262772354e+308 is NaN; solver cannot continue.
125.2,50.0,0.0,246.22,0.2782559402207126,0.0989713043495103,0.0,79.3353357493246,2.9335191146447817,79.3353357493246,2.9335191146447817,10.359194030170263,Nucleation_FOPT,
125.2,50.0,0.0,246.22,0.2782559402207126,0.1321510542642156,0.0,,,,,,no_transition,
125.2,50.0,0.0,246.22,0.2782559402207126,0.1764541879883799,0.0,110.31147637724985,1.843037078864131,110.31147637724985,1.843037078864131,109.19019094966636,Nucleation_FOPT,
125.2,14.545454545454549,0.0,246.22,0.0215443469003188,0.000975751816663,0.0,108.43061086970357,1.9146763648260883,108.43061086970357,1.9146763648260883,104.54149767503505,Nucleation_FOPT,
125.2,19.090909090909093,0.0,246.22,0.0215443469003188,0.0004582543166281,0.0,113.21158110493015,1.7780452528062554,113.21158110493015,1.7780452528062554,78.18002206647854,Nucleation_FOPT,
125.2,19.090909090909093,0.0,246.22,0.0774263682681127,0.0140921528083855,0.0,96.02788414625597,0.9184043112795813,96.02788414625597,0.9184043112795813,95.80076652844886,Nucleation_FOPT,
125.2,23.63636363636364,0.0,246.22,0.0215443469003188,6.282680946049958e-05,0.0,,,,,,timeout,exceeded 30s
125.2,23.63636363636364,0.0,246.22,0.0215443469003188,0.0002105604886358,0.0,140.39173145622775,1.0345739635810798,,,,error,KeyError: np.float64(151.3820195889277)
125.2,23.63636363636364,0.0,246.22,0.0774263682681127,0.0117320700327691,0.0,95.74632209663548,2.3070026451479313,,,,error,ValueError: The function value at x=2.149909412823074e+307 is NaN; solver cannot continue.
125.2,23.63636363636364,0.0,246.22,0.2782559402207126,0.1305480150833724,0.0,10.267270106351233,23.98015209294062,,,,error,ValueError: The function value at x=1.2611700918931263e+308 is NaN; solver cannot continue.
125.2,23.63636363636364,0.0,246.22,0.2782559402207126,0.1636884440194075,0.0,74.17050112324407,1.0705331847302195,,,,error,ValueError: The function value at x=2.461108321811057e+307 is NaN; solver cannot continue.
125.2,28.181818181818183,0.0,246.22,0.0774263682681127,0.0091271036803631,0.0,97.72347571842178,2.2414964124818173,97.72347571842178,2.2414964124818173,79.57115928660572,Nucleation_FOPT,
125.2,28.181818181818183,0.0,246.22,0.2782559402207126,0.1550871215629834,0.0,73.79485590744241,3.1931340288310692,73.79485590744241,3.1931340288310692,70.71000197428025,Nucleation_FOPT,
125.2,32.727272727272734,0.0,246.22,0.0774263682681127,0.0064373781825925,0.0,100.44361562797636,2.1539185348641388,100.44361562797636,2.1539185348641388,57.69081312756856,Nucleation_FOPT,
125.2,32.727272727272734,0.0,246.22,0.0774263682681127,0.0120954044719008,0.0,120.40715431970239,1.5748837065124208,120.40715431970239,1.5748837065124208,116.78789918294984,Nucleation_FOPT,
125.2,32.727272727272734,0.0,246.22,0.2782559402207126,0.1452374745930299,0.0,74.64615955667917,3.1513616336620434,,,,Trapped_FOPT,
125.2,37.27272727272727,0.0,246.22,0.0774263682681127,0.007741557156237,0.0,124.01749164313712,1.477581040153276,,,,Trapped_FOPT,
125.2,37.27272727272727,0.0,246.22,0.2782559402207126,0.1342685129757943,0.0,75.64343853023911,3.103310328735919,,,,Trapped_FOPT,
125.2,41.81818181818182,0.0,246.22,0.0774263682681127,0.0016744832808921,0.0,111.58160358311429,1.8205255977115322,,,,Trapped_FOPT,
125.2,41.81818181818182,0.0,246.22,0.0774263682681127,0.0037230229526039,0.0,129.81004886621656,1.3218241982392356,129.81004886621656,1.3218241982392356,103.89582030764652,Nucleation_FOPT,
125.2,41.81818181818182,0.0,246.22,0.0774263682681127,0.0082777177077759,0.0,137.31164574465373,1.115103367343505,137.31164574465373,1.115103367343505,133.54105893560453,Nucleation_FOPT,
125.2,41.81818181818182,0.0,246.22,0.2782559402207126,0.1223308641276481,0.0,76.79824599169314,3.0488384600882092,76.79824599169314,3.0488384600882092,53.02258605096223,Nucleation_FOPT,
125.2,41.81818181818182,0.0,246.22,0.2782559402207126,0.1590721086514769,0.0,95.16595100805326,2.3170722343240553,,,,error,ValueError: The function value at x=1.4587857088957434e+308 is NaN; solver cannot continue.
125.2,46.36363636363637,0.0,246.22,0.2782559402207126,0.1095980049525711,0.0,78.12750825758614,2.9876949910722477,78.12750825758614,2.9876949910722477,39.69594117938477,Nucleation_FOPT,
125.2,46.36363636363637,0.0,246.22,0.2782559402207126,0.1444865154934205,0.0,96.71820992490473,2.2652479112424575,,,,error,ValueError: The function value at x=1.4721330350908608e+308 is NaN; solver cannot continue.
125.2,50.909090909090914,0.0,246.22,0.2782559402207126,0.0962678682034034,0.0,,,,,,no_transition,
125.2,50.909090909090914,0.0,246.22,0.2782559402207126,0.1289870722897232,0.0,98.48435313679985,2.207411932371184,,,,error,KeyError: np.float64(111.79177609023145)
125.2,55.45454545454546,0.0,246.22,0.2782559402207126,0.0825649672490534,0.0,81.42480750950678,2.84276844572636,,,,Trapped_FOPT,
125.2,55.45454545454546,0.0,246.22,0.2782559402207126,0.1127707156090046,0.0,100.49403189855244,2.1430306579926914,100.49403189855244,2.1430306579926914,83.2624989672223,Nucleation_FOPT,
125.2,55.45454545454546,0.0,246.22,0.2782559402207126,0.1540270010718472,0.0,112.71342544406131,1.7747973012220841,112.71342544406131,1.7747973012220841,108.48077490393095,Nucleation_FOPT,
125.2,10.0,0.0,246.22,0.0071968567300115,6.191104720525609e-05,0.0,104.8664900861176,2.021446097973843,104.8664900861176,2.021446097973843,71.92989792378127,Nucleation_FOPT,
125.2,10.0,0.0,246.22,0.0163789370695406,0.0005864317151955,0.0,95.90108658635403,2.3053872988544377,95.90108658635403,2.3053872988544377,93.9027317399093,Nucleation_FOPT,
125.2,13.571428571428571,0.0,246.22,0.0071968567300115,6.114699518013891e-06,0.0,,,,,,timeout,exceeded 30s
125.2,13.571428571428571,0.0,246.22,0.0071968567300115,1.5396541890173768e-05,0.0,136.45434759113368,1.14848167126995,136.45434759113368,1.14848167126995,53.88271015834308,Nucleation_FOPT,
125.2,13.571428571428571,0.0,246.22,0.0071968567300115,3.876780886411785e-05,0.0,140.88872891231586,1.0223567921112986,,,,error,KeyError: np.float64(148.09602134383653)
125.2,13.571428571428571,0.0,246.22,0.0163789370695406,0.000376458224444,0.0,118.11411298157546,0.0,,,,FOPT,
125.2,13.571428571428571,0.0,246.22,0.0372759372031494,0.0029469487328803,0.0,89.22171313400169,2.539633615971698,,,,error,ValueError: The function value at x=2.783045441996611e+307 is NaN; solver cannot continue.
125.2,17.142857142857142,0.0,246.22,0.0372759372031494,0.0023438898508923,0.0,,,,,,no_transition,
125.2,17.142857142857142,0.0,246.22,0.0848342898244072,0.0150755931886743,0.0,,,,,,no_transition,
125.2,17.142857142857142,0.0,246.22,0.1930697728883249,0.0790435569496704,0.0,71.794966696548,0.9351845303616582,,,,error,ValueError: The function value at x=4.167394148419443e+307 is NaN; solver cannot continue.
125.2,20.714285714285715,0.0,246.22,0.0163789370695406,2.182827680986839e-05,0.0,,,,,,timeout,exceeded 30s
125.2,20.714285714285715,0.0,246.22,0.0163789370695406,4.983751940073829e-05,0.0,,,,,,timeout,exceeded 30s
125.2,20.714285714285715,0.0,246.22,0.0163789370695406,0.0001137871927158,0.0,141.05447711798482,1.016011408742126,,,,error,KeyError: np.float64(151.90627949995806)
125.2,20.714285714285715,0.0,246.22,0.0163789370695406,0.0002597947366127,0.0,142.238498905997,0.9809028804516051,142.238498905997,0.9809028804516051,138.72052782904996,Nucleation_FOPT,
125.2,20.714285714285715,0.0,246.22,0.0372759372031494,0.0016891158481079,0.0,92.70170634919103,2.414181013089739,92.70170634919103,2.414181013089739,50.05303017201609,Nucleation_FOPT,
125.2,20.714285714285715,0.0,246.22,0.0372759372031494,0.0027600465266314,0.0,112.51355949399841,1.7963352381953195,112.51355949399841,1.7963352381953195,107.39958524632968,Nucleation_FOPT,
125.2,20.714285714285715,0.0,246.22,0.0848342898244072,0.0134560158846992,0.0,,,,,,no_transition,
125.2,20.714285714285715,0.0,246.22,0.1930697728883249,0.0755101876912725,0.0,69.95862817284795,3.3966920600575956,,,,error,ValueError: The function value at x=1.4550986865381312e+308 is NaN; solver cannot continue.
125.2,24.285714285714285,0.0,246.22,0.0372759372031494,0.0010412840143161,0.0,95.8068648979948,2.3075103082636685,,,,Trapped_FOPT,
125.2,24.285714285714285,0.0,246.22,0.0372759372031494,0.0017659847744187,0.0,115.6286103929285,1.7093611842123964,115.6286103929285,1.7093611842123964,97.18286479950993,Nucleation_FOPT,
125.2,24.285714285714285,0.0,246.22,0.0372759372031494,0.0029950543565454,0.0,126.44848941802631,1.415951038894163,126.44848941802631,1.415951038894163,124.3720179135711,Nucleation_FOPT,
125.2,24.285714285714285,0.0,246.22,0.0848342898244072,0.0082652564965663,0.0,,,,,,meta_stable,
125.2,24.285714285714285,0.0,246.22,0.0848342898244072,0.0116418966679396,0.0,82.74202264061782,2.7919808617205337,82.74202264061782,2.7919808617205337,63.29854599304942,Nucleation_FOPT,
125.2,24.285714285714285,0.0,246.22,0.0848342898244072,0.016398009920598,0.0,101.78837791690161,1.774639489202328,101.78837791690161,1.774639489202328,101.14081132212306,Nucleation_FOPT,
125.2,24.285714285714285,0.0,246.22,0.1930697728883249,0.0714073477626228,0.0,,,,,,no_transition,
125.2,24.285714285714285,0.0,246.22,0.4393970560760795,0.3682599429978047,0.0,52.515247282126644,4.629097389600001,,,,error,ValueError: The function value at x=1.1555913190360323e+308 is NaN; solver cannot continue.
125.2,27.857142857142858,0.0,246.22,0.0372759372031494,0.0002635840092507,0.0,,,,,,meta_stable,
125.2,27.857142857142858,0.0,246.22,0.0372759372031494,0.000474862307065,0.0,101.24229965605682,2.131066182312563,,,,Trapped_FOPT,
125.2,27.857142857142858,0.0,246.22,0.0372759372031494,0.0008554927566059,0.0,,,,,,no_transition,
125.2,27.857142857142858,0.0,246.22,0.0372759372031494,0.0015412212039498,0.0,130.72317671447453,1.3012241745889792,130.72317671447453,1.3012241745889792,118.80668698410251,Nucleation_FOPT,
125.2,27.857142857142858,0.0,246.22,0.0372759372031494,0.0027766018837244,0.0,136.0686471194307,1.1549986930882592,136.0686471194307,1.1549986930882592,134.93485413043615,Nucleation_FOPT,
125.2,27.857142857142858,0.0,246.22,0.0848342898244072,0.0096923722798522,0.0,84.04003520523803,2.738805562556587,84.04003520523803,2.738805562556587,44.997948724914,Nucleation_FOPT,
125.2,27.857142857142858,0.0,246.22,0.0848342898244072,0.0138458645961553,0.0,103.22830195469218,2.066039081765288,103.22830195469218,2.066039081765288,96.79117400610532,Nucleation_FOPT,
125.2,27.857142857142858,0.0,246.22,0.1930697728883249,0.0667858846937195,0.0,,,,,,no_transition,
125.2,27.857142857142858,0.0,246.22,0.1930697728883249,0.0822419792976915,0.0,88.54006804963862,1.2800794383237435,88.54006804963862,1.2800794383237435,88.18644597103466,Nucleation_FOPT,
125.2,27.857142857142858,0.0,246.22,0.4393970560760795,0.3583173512280467,0.0,52.95946087413129,4.588730543030171,,,,error,ValueError: The function value at x=5.015503711643766e+307 is NaN; solver cannot continue.
125.2,27.857142857142858,0.0,246.22,0.4393970560760795,0.3877527872866134,0.0,65.5235307134555,3.6492773203266937,,,,error,ValueError: The function value at x=1.1862716783530584e+308 is NaN; solver cannot continue.
125.2,31.42857142857143,0.0,246.22,0.0372759372031494,0.00017913843432,0.0,,,,,,timeout,exceeded 30s
125.2,31.42857142857143,0.0,246.22,0.0372759372031494,0.0003676402417051,0.0,,,,,,no_transition,
125.2,31.42857142857143,0.0,246.22,0.0372759372031494,0.0015484300130198,0.0,142.60764656571044,0.9664227230510434,142.60764656571044,0.9664227230510434,141.49149169918576,Nucleation_FOPT,
125.2,31.42857142857143,0.0,246.22,0.0848342898244072,0.0076775947924919,0.0,85.69388741597037,2.672783713880908,,,,Trapped_FOPT,
125.2,31.42857142857143,0.0,246.22,0.0848342898244072,0.0111660655446241,0.0,105.0407865365391,2.0110320660546037,,,,Trapped_FOPT,
125.2,31.42857142857143,0.0,246.22,0.1930697728883249,0.0617052029340557,0.0,71.79861596840273,3.298877177517848,71.79861596840273,3.298877177517848,51.53376960513471,Nucleation_FOPT,
125.2,31.42857142857143,0.0,246.22,0.4393970560760795,0.3471655187474262,0.0,53.464174881166045,4.543694137851328,,,,Trapped_FOPT,
125.2,31.42857142857143,0.0,246.22,0.4393970560760795,0.3765996597268265,0.0,66.16494479223549,3.6080243849980094,,,,error,ValueError: The function value at x=1.1887217679131481e+308 is NaN; solver cannot continue.
125.2,31.42857142857143,0.0,246.22,0.4393970560760795,0.4085293499713758,0.0,75.7581487018608,1.1478683847514564,,,,error,ValueError: The function value at x=1.8821511374995087e+307 is NaN; solver cannot continue.
125.2,35.0,0.0,246.22,0.0848342898244072,0.0056798476013668,0.0,87.84597763972887,2.5896360609245184,,,,Trapped_FOPT,
125.2,35.0,0.0,246.22,0.0848342898244072,0.0084543459516752,0.0,107.35573828587617,1.9421308257336283,107.35573828587617,1.9421308257336283,81.10449095937251,Nucleation_FOPT,
125.2,35.0,0.0,246.22,0.0848342898244072,0.0125841343794869,0.0,119.04102225994724,1.6115802310955323,119.04102225994724,1.6115802310955323,112.35014831987384,Nucleation_FOPT,
125.2,35.0,0.0,246.22,0.1930697728883249,0.0562335169720016,0.0,72.62366075443968,3.256251770167411,72.62366075443968,3.256251770167411,39.52462802880103,Nucleation_FOPT,
125.2,35.0,0.0,246.22,0.1930697728883249,0.0701696738557246,0.0,89.9934768004016,2.5040675011263738,89.9934768004016,2.5040675011263738,82.11459324792851,Nucleation_FOPT,
125.2,35.0,0.0,246.22,0.1930697728883249,0.0875595800182708,0.0,102.40676455352737,1.0419489700201918,102.40676455352737,1.0419489700201918,102.1090734624661,Nucleation_FOPT,
125.2,35.0,0.0,246.22,0.4393970560760795,0.3348636694553304,0.0,54.03006112247744,4.494015551391244,54.03006112247744,4.494015551391244,38.05082279233051,Nucleation_FOPT,
125.2,35.0,0.0,246.22,0.4393970560760795,0.364264329281541,0.0,,,,,,no_transition,
125.2,35.0,0.0,246.22,0.4393970560760795,0.3962463345239998,0.0,75.98809686024596,3.08171439374971,75.98809686024596,3.08171439374971,74.09207680508216,Nucleation_FOPT,
125.2,35.0,0.0,246.22,0.4393970560760795,0.4310363244553411,0.0,84.98038469088253,0.9437156677407083,84.98038469088253,0.9437156677407083,84.77785155305192,Nucleation_FOPT,
125.2,38.57142857142857,0.0,246.22,0.0848342898244072,0.003795315722888,0.0,90.7714681929052,2.4812308761391795,,,,Trapped_FOPT,
125.2,38.57142857142857,0.0,246.22,0.0848342898244072,0.0058271957702187,0.0,110.43865954543914,1.8525091857415812,110.43865954543914,1.8525091857415812,59.067549128689365,Nucleation_FOPT,
125.2,38.57142857142857,0.0,246.22,0.0848342898244072,0.008946873731658,0.0,121.89498339912932,1.5342676960567558,,,,Trapped_FOPT,
125.2,38.57142857142857,0.0,246.22,0.0848342898244072,0.0137367187797824,0.0,129.19539258799566,1.3372085905590734,129.19539258799566,1.3372085905590734,126.12569374579246,Nucleation_FOPT,
125.2,38.57142857142857,0.0,246.22,0.1930697728883249,0.0504481722355368,0.0,73.57882586409,3.207856635786925,,,,error,KeyError: 'trantype'
125.2,38.57142857142857,0.0,246.22,0.1930697728883249,0.0634784854752652,0.0,91.1234797423889,2.463232736000266,,,,Trapped_FOPT,
125.2,38.57142857142857,0.0,246.22,0.1930697728883249,0.0798744124845612,0.0,102.7964568664843,2.0728868397387115,102.7964568664843,2.0728868397387115,100.21380385271226,Nucleation_FOPT,
125.2,38.57142857142857,0.0,246.22,0.4393970560760795,0.3214784599684849,0.0,54.65798892672815,4.439975263637831,,,,error,ValueError: f(a) and f(b) must have different signs
125.2,38.57142857142857,0.0,246.22,0.4393970560760795,0.3508029793082646,0.0,67.6730628819357,3.5218290407737354,67.6730628819357,3.5218290407737354,56.90653548950269,Nucleation_FOPT,
125.2,38.57142857142857,0.0,246.22,0.4393970560760795,0.38280241327403,0.0,76.89003927042899,3.0394662193938693,76.89003927042899,3.0394662193938693,72.47828981300371,Nucleation_FOPT,
125.2,38.57142857142857,0.0,246.22,0.4393970560760795,0.4177207613725902,0.0,84.2043382015452,2.718942888215872,,,,error,ValueError: The function value at x=1.2604971883635504e+308 is NaN; solver cannot continue.
125.2,42.142857142857146,0.0,246.22,0.0848342898244072,0.0021371735093711,0.0,95.12520883487271,2.3285979708022215,,,,Trapped_FOPT,
125.2,42.142857142857146,0.0,246.22,0.0848342898244072,0.003429546709485,0.0,114.95847868595918,1.7248063622593819,,,,Trapped_FOPT,
125.2,42.142857142857146,0.0,246.22,0.0848342898244072,0.0055034327259655,0.0,125.88866035064207,1.426777096660275,125.88866035064207,1.426777096660275,101.80769996873761,Nucleation_FOPT,
125.2,42.142857142857146,0.0,246.22,0.0848342898244072,0.0088314212736807,0.0,132.46434441789074,1.2487376861065684,132.46434441789074,1.2487376861065684,124.84289914063113,Nucleation_FOPT,
125.2,42.142857142857146,0.0,246.22,0.0848342898244072,0.014171882458968,0.0,136.52690242512043,1.1361570390769888,136.52690242512043,1.1361570390769888,135.50815682218573,Nucleation_FOPT,
125.2,42.142857142857146,0.0,246.22,0.1930697728883249,0.0444360542862084,0.0,74.68113152911933,3.153259279943875,,,,Trapped_FOPT,
125.2,42.142857142857146,0.0,246.22,0.1930697728883249,0.0564619451367013,0.0,92.41805263691128,2.4172355371613596,92.41805263691128,2.4172355371613596,72.74186907576599,Nucleation_FOPT,
125.2,42.142857142857146,0.0,246.22,0.1930697728883249,0.0717424465297161,0.0,104.15284394299819,2.0315536777148213,104.15284394299819,2.0315536777148213,98.17014047708506,Nucleation_FOPT,
125.2,42.142857142857146,0.0,246.22,0.1930697728883249,0.0911583655435126,0.0,113.51677479026796,0.9422894578804271,113.51677479026796,0.9422894578804271,113.23806981864007,Nucleation_FOPT,
125.2,42.142857142857146,0.0,246.22,0.4393970560760795,0.3070840927609927,0.0,55.348158670976076,4.38185310710988,,,,timeout,exceeded 30s
125.2,42.142857142857146,0.0,246.22,0.4393970560760795,0.3362784715309868,0.0,68.54264788364354,3.4721308023242607,68.54264788364354,3.4721308023242607,53.24664673165146,Nucleation_FOPT,
125.2,42.142857142857146,0.0,246.22,0.4393970560760795,0.3682483498200305,0.0,77.87791649277669,2.994030876007761,77.87791649277669,2.994030876007761,70.66097775260248,Nucleation_FOPT,
125.2,42.142857142857146,0.0,246.22,0.4393970560760795,0.4032575934099898,0.0,85.27546762893644,2.6762930587443887,85.27546762893644,2.6762930587443887,82.88258397679036,Nucleation_FOPT,
125.2,42.142857142857146,0.0,246.22,0.4393970560760795,0.4415951537115926,0.0,92.67304904665967,0.9858534759662302,92.67304904665967,0.9858534759662302,92.43391737350075,Nucleation_FOPT,
125.2,45.71428571428572,0.0,246.22,0.0848342898244072,0.00084191779494,0.0,103.16795141522678,2.068972353991483,,,,Trapped_FOPT,
125.2,45.71428571428572,0.0,246.22,0.0848342898244072,0.0014514009572717,0.0,123.08554462855334,1.5026532719763745,,,,Trapped_FOPT,
125.2,45.71428571428572,0.0,246.22,0.0848342898244072,0.0025021026416472,0.0,132.4866736060134,1.2485036491235508,132.4866736060134,1.2485036491235508,81.12411809817016,Nucleation_FOPT,
125.2,45.71428571428572,0.0,246.22,0.0848342898244072,0.0043134308255565,0.0,137.46916930044915,1.1099377805283752,137.46916930044915,1.1099377805283752,123.47369348239754,Nucleation_FOPT,
125.2,45.71428571428572,0.0,246.22,0.0848342898244072,0.0074360200805401,0.0,140.014017346453,1.0365945720874612,140.014017346453,1.0365945720874612,135.62544668505123,Nucleation_FOPT,
125.2,45.71428571428572,0.0,246.22,0.1930697728883249,0.038294116870497,0.0,75.95560122043479,3.0917360667862805,,,,Trapped_FOPT,
125.2,45.71428571428572,0.0,246.22,0.1930697728883249,0.0492177663295097,0.0,93.90446288467321,2.365437776732969,93.90446288467321,2.365437776732969,65.26263456956795,Nucleation_FOPT,
125.2,45.71428571428572,0.0,246.22,0.1930697728883249,0.0632574588587133,0.0,105.6997195597531,1.9850222930129584,,,,error,ValueError: The function value at x=2.552491600472155e+307 is NaN; solver cannot continue.
125.2,45.71428571428572,0.0,246.22,0.1930697728883249,0.0813020663000426,0.0,114.31484836494388,1.7341446995137089,114.31484836494388,1.7341446995137089,112.13671497458311,Nucleation_FOPT,
125.2,45.71428571428572,0.0,246.22,0.4393970560760795,0.2917624487456808,0.0,56.10145019732914,4.31988828431607,,,,Trapped_FOPT,
125.2,45.71428571428572,0.0,246.22,0.4393970560760795,0.3207605727674403,0.0,69.49011035781994,3.4191792238941323,69.49011035781994,3.4191792238941323,48.66777649371755,Nucleation_FOPT,
125.2,45.71428571428572,0.0,246.22,0.4393970560760795,0.352640805848801,0.0,78.95229642586212,2.9455536316893443,,,,error,ValueError: The function value at x=1.6356511836824701e+308 is NaN; solver cannot continue.
125.2,45.71428571428572,0.0,246.22,0.4393970560760795,0.3876895993693487,0.0,86.43827344344732,2.6308245320761108,86.43827344344732,2.6308245320761108,81.83614150772733,Nucleation_FOPT,
125.2,45.71428571428572,0.0,246.22,0.4393970560760795,0.4262218749681807,0.0,92.67629178883816,2.397558871267115,,,,error,KeyError: np.float64(93.46282848195537)
125.2,49.285714285714285,0.0,246.22,0.1930697728883249,0.0321300759445723,0.0,77.43888537002546,3.0222036249726174,,,,Trapped_FOPT,
125.2,49.285714285714285,0.0,246.22,0.1930697728883249,0.0418566719378439,0.0,95.62166091258258,2.306896331737922,95.62166091258258,2.306896331737922,52.448751379274334,Nucleation_FOPT,
125.2,49.285714285714285,0.0,246.22,0.1930697728883249,0.0545277573801766,0.0,107.4717796898061,1.932473919084576,,,,Trapped_FOPT,
125.2,49.285714285714285,0.0,246.22,0.1930697728883249,0.0710347045586101,0.0,116.0379709778239,1.6863698056386922,116.0379709778239,1.6863698056386922,111.16105688341922,Nucleation_FOPT,
125.2,49.285714285714285,0.0,246.22,0.4393970560760795,0.3043262220277057,0.0,70.51697640984402,3.363133434486281,70.51697640984402,3.363133434486281,42.638916781444365,Nucleation_FOPT,
125.2,49.285714285714285,0.0,246.22,0.4393970560760795,0.3360426700184313,0.0,80.11429249670762,2.894359521605839,,,,Trapped_FOPT,
125.2,49.285714285714285,0.0,246.22,0.4393970560760795,0.3710645613141931,0.0,87.69325679843982,2.582684108311562,87.69325679843982,2.582684108311562,80.75101972057965,Nucleation_FOPT,
125.2,49.285714285714285,0.0,246.22,0.4393970560760795,0.4097363845363523,0.0,93.99602004111453,2.351752425594672,,,,error,ValueError: The function value at x=1.3196417665813716e+308 is NaN; solver cannot continue.
125.2,49.285714285714285,0.0,246.22,0.4393970560760795,0.4524385304226575,0.0,100.27323898724913,1.00534860426125,100.27323898724913,1.00534860426125,100.00482763704478,Nucleation_FOPT,
125.2,52.85714285714286,0.0,246.22,0.1930697728883249,0.0260633455049444,0.0,79.18612132283164,2.942994575599826,,,,Trapped_FOPT,
125.2,52.85714285714286,0.0,246.22,0.1930697728883249,0.0345043614793984,0.0,97.63826931586104,2.2398107080953653,,,,Trapped_FOPT,
125.2,52.85714285714286,0.0,246.22,0.1930697728883249,0.045679130519723,0.0,109.52053935880174,1.8726792505320196,109.52053935880174,1.8726792505320196,89.78379013635772,Nucleation_FOPT,
125.2,52.85714285714286,0.0,246.22,0.1930697728883249,0.0604730206725817,0.0,118.00631949649303,1.6322192135530857,118.00631949649303,1.6322192135530857,110.25830653898792,Nucleation_FOPT,
125.2,52.85714285714286,0.0,246.22,0.1930697728883249,0.0800581400665563,0.0,124.35755617818583,1.4580689236265736,124.35755617818583,1.4580689236265736,122.42467815145876,Nucleation_FOPT,
125.2,52.85714285714286,0.0,246.22,0.4393970560760795,0.258704202675155,0.0,57.803688204959485,4.185312111609365,,,,Trapped_FOPT,
125.2,52.85714285714286,0.0,246.22,0.4393970560760795,0.2870598454554324,0.0,71.62704901949891,3.3040752766212127,71.62704901949891,3.3040752766212127,33.8591076369454,Nucleation_FOPT,
125.2,52.85714285714286,0.0,246.22,0.4393970560760795,0.3534356653686412,0.0,89.0415306706804,2.5320972570719107,89.0415306706804,2.5320972570719107,79.62800423502948,Nucleation_FOPT,
125.2,52.85714285714286,0.0,246.22,0.4393970560760795,0.3921744851070548,0.0,95.41024301428058,2.303485551568733,,,,error,ValueError: The function value at x=1.3294311948452154e+308 is NaN; solver cannot continue.
125.2,56.42857142857143,0.0,246.22,0.1930697728883249,0.020226344130964,0.0,81.28475944094835,2.851428997359473,,,,Trapped_FOPT,
125.2,56.42857142857143,0.0,246.22,0.1930697728883249,0.0273043246330244,0.0,100.04890249365589,2.1617950855230763,,,,Trapped_FOPT,
125.2,56.42857142857143,0.0,246.22,0.1930697728883249,0.049757612356467,0.0,120.28253556884303,1.570062762669091,,,,error,KeyError: np.float64(131.9630357063041)
125.2,56.42857142857143,0.0,246.22,0.1930697728883249,0.0671697263701411,0.0,,,,,,no_transition,
125.2,56.42857142857143,0.0,246.22,0.4393970560760795,0.241171286336141,0.0,58.75750363472643,4.112995465072052,,,,Trapped_FOPT,
125.2,56.42857142857143,0.0,246.22,0.4393970560760795,0.2690537287386757,0.0,72.82322310377995,3.2421073458743512,72.82322310377995,3.2421073458743512,17.93548359044232,Nucleation_FOPT,
125.2,56.42857142857143,0.0,246.22,0.4393970560760795,0.300159733142066,0.0,82.70925589478023,2.7838743807517643,82.70925589478023,2.7838743807517643,60.40505402169084,Nucleation_FOPT,
125.2,56.42857142857143,0.0,246.22,0.4393970560760795,0.3348619839698407,0.0,90.484980797396,2.4789412999086338,,,,error,ValueError: The function value at x=3.251306444414869e+307 is NaN; solver cannot continue.
125.2,56.42857142857143,0.0,246.22,0.4393970560760795,0.4167663790942256,0.0,102.40649532155261,2.074474483557425,102.40649532155261,2.074474483557425,99.964104978595,Nucleation_FOPT,
125.2,56.42857142857143,0.0,246.22,0.4393970560760795,0.4649498288611736,0.0,107.90537688041567,0.9720746018431401,107.90537688041567,0.9720746018431401,107.63152151489747,Nucleation_FOPT,
125.2,10.0,0.0,246.22,0.0046415888336127,1.4083200112359043e-05,0.0,125.63284349263526,1.4413990138937163,,,,error,KeyError: np.float64(144.66299655731225)
125.2,10.0,0.0,246.22,0.01,0.0002454388526074,0.0,114.07375639165991,1.0787859468538248,,,,timeout,exceeded 30s
125.2,15.0,0.0,246.22,0.01,4.4894307465782734e-05,0.0,123.71122660438556,1.4922609757202003,,,,error,ValueError: The function value at x=4.604959962646304e+307 is NaN; solver cannot continue.
125.2,15.0,0.0,246.22,0.0215443469003188,0.0009236096936154,0.0,108.773904786266,1.9046996137112775,108.773904786266,1.9046996137112775,103.17597439953839,Nucleation_FOPT,
125.2,20.0,0.0,246.22,0.0464158883361277,0.0042262840824557,0.0,101.59831331755021,2.1190110431363687,101.59831331755021,2.1190110431363687,95.4776319120644,Nucleation_FOPT,
125.2,20.0,0.0,246.22,0.2154434690031882,0.0790995581309716,0.0,,,,,,meta_stable,
125.2,25.0,0.0,246.22,0.2154434690031882,0.0981137079922246,0.0,78.84619806180504,2.9547535727543743,,,,error,ValueError: The function value at x=1.4487340063818066e+308 is NaN; solver cannot continue.
125.2,25.0,0.0,246.22,0.4641588833612772,0.4235551829837728,0.0,58.1413749188418,4.155678439563133,,,,error,ValueError: The function value at x=1.1543139486586455e+308 is NaN; solver cannot continue.
125.2,30.0,0.0,246.22,0.0464158883361277,0.0012477175285391,0.0,110.41487368375884,1.8557056239761212,,,,Trapped_FOPT,
125.2,30.0,0.0,246.22,0.0464158883361277,0.0028780725791753,0.0,128.90770693004092,1.3490975258737972,128.90770693004092,1.3490975258737972,119.7836669721483,Nucleation_FOPT,
125.2,30.0,0.0,246.22,0.1,0.0160260228039058,0.0,94.07012975848781,2.3632717776832783,,,,Trapped_FOPT,
125.2,30.0,0.0,246.22,0.2154434690031882,0.090139006448391,0.0,79.80656104728693,2.9125593912158063,79.80656104728693,2.9125593912158063,73.84033092769118,Nucleation_FOPT,
125.2,30.0,0.0,246.22,0.4641588833612772,0.4082761119516955,0.0,58.914862266684835,4.097846405713575,,,,error,ValueError: The function value at x=1.1566055903446689e+308 is NaN; solver cannot continue.
125.2,35.0,0.0,246.22,0.0464158883361277,0.0002018473307087,0.0,,,,,,timeout,exceeded 30s
125.2,35.0,0.0,246.22,0.0464158883361277,0.000584648896388,0.0,140.10789404283116,1.0392126493001814,140.10789404283116,1.0392126493001814,99.37543690309431,Nucleation_FOPT,
125.2,35.0,0.0,246.22,0.0464158883361277,0.0016934300337172,0.0,142.41362882604346,0.9708372739274347,142.41362882604346,0.9708372739274347,137.71704655024436,Nucleation_FOPT,
125.2,35.0,0.0,246.22,0.1,0.0119420389633297,0.0,,,,,,no_transition,
125.2,35.0,0.0,246.22,0.1,0.0207703432315302,0.0,116.64147752843733,1.6761032976203987,116.64147752843733,1.6761032976203987,113.36285707158561,Nucleation_FOPT,
125.2,35.0,0.0,246.22,0.4641588833612772,0.3905364744002664,0.0,59.824971596957035,4.0314464045726055,,,,timeout,exceeded 30s
125.2,35.0,0.0,246.22,0.4641588833612772,0.4392420412655423,0.0,74.31559292242885,3.1629385511379833,74.31559292242885,3.1629385511379833,72.2946919149071,Nucleation_FOPT,
125.2,40.0,0.0,246.22,0.1,0.0078960171042013,0.0,99.90725585809604,2.17006308245066,,,,Trapped_FOPT,
125.2,40.0,0.0,246.22,0.1,0.0144621236491118,0.0,119.89204585585671,1.5873264422749849,,,,Trapped_FOPT,
125.2,40.0,0.0,246.22,0.2154434690031882,0.071189223081779,0.0,,,,,,no_transition,
125.2,40.0,0.0,246.22,0.2154434690031882,0.0990518227111051,0.0,101.64550361344175,2.1076678414778875,101.64550361344175,2.1076678414778875,98.97346310307293,Nucleation_FOPT,
125.2,40.0,0.0,246.22,0.4641588833612772,0.3704973782554775,0.0,60.87136413394516,3.9572266950502524,60.87136413394516,3.9572266950502524,43.37467281974325,Nucleation_FOPT,
125.2,40.0,0.0,246.22,0.4641588833612772,0.4194565657015411,0.0,75.63159084754048,3.0991803456367806,75.63159084754048,3.0991803456367806,70.07093422732407,Nucleation_FOPT,
125.2,40.0,0.0,246.22,0.4641588833612772,0.4748854400497503,0.0,86.55336615525933,1.1636534581075915,,,,error,ValueError: The function value at x=2.4225379819450084e+307 is NaN; solver cannot continue.
125.2,45.0,0.0,246.22,0.1,0.0042206845612477,0.0,105.21326212014853,2.00569467347048,,,,Trapped_FOPT,
125.2,45.0,0.0,246.22,0.1,0.0165591168901124,0.0,133.89913110741762,1.2075590578362783,133.89913110741762,1.2075590578362783,130.5562757941365,Nucleation_FOPT,
125.2,45.0,0.0,246.22,0.2154434690031882,0.0427239094348728,0.0,,,,,,meta_stable,
125.2,45.0,0.0,246.22,0.2154434690031882,0.0606483030913202,0.0,84.07924820830443,2.733034445965311,84.07924820830443,2.733034445965311,40.79464920325331,Nucleation_FOPT,
125.2,45.0,0.0,246.22,0.2154434690031882,0.0860926988309348,0.0,,,,,,no_transition,
125.2,45.0,0.0,246.22,0.4641588833612772,0.3483466730645384,0.0,62.055906260062656,3.875875574747834,,,,error,ValueError: The function value at x=1.1638148577100777e+308 is NaN; solver cannot continue.
125.2,45.0,0.0,246.22,0.4641588833612772,0.3974295991649682,0.0,77.11493512861063,3.02935850199284,,,,Trapped_FOPT,
125.2,45.0,0.0,246.22,0.4641588833612772,0.4534284335282389,0.0,87.63670946995752,2.583268316166509,87.63670946995752,2.583268316166509,85.31438750840051,Nucleation_FOPT,
125.2,50.0,0.0,246.22,0.1,0.0013557842157279,0.0,116.2129426742117,1.6892841009425095,,,,Trapped_FOPT,
125.2,50.0,0.0,246.22,0.1,0.0030950434607858,0.0,133.26369318956444,1.2257031502571294,133.26369318956444,1.2257031502571294,77.19043302924025,Nucleation_FOPT,
125.2,50.0,0.0,246.22,0.1,0.0070655004778984,0.0,139.43519694876844,1.0515920371725025,139.43519694876844,1.0515920371725025,130.99069604463216,Nucleation_FOPT,
125.2,50.0,0.0,246.22,0.2154434690031882,0.034190390747934,0.0,,,,,,meta_stable,
125.2,50.0,0.0,246.22,0.2154434690031882,0.0497512059821854,0.0,86.12461867063381,2.6517478302383206,,,,Trapped_FOPT,
125.2,50.0,0.0,246.22,0.2154434690031882,0.0723940979478688,0.0,105.78832174824042,1.9814780280617308,,,,Trapped_FOPT,
125.2,50.0,0.0,246.22,0.2154434690031882,0.1053422789301279,0.0,117.93560640400935,1.6316285293911934,117.93560640400935,1.6316285293911934,116.61509914612624,Nucleation_FOPT,
125.2,50.0,0.0,246.22,0.4641588833612772,0.3242999231524977,0.0,63.38132517997373,3.7880289996923846,,,,timeout,exceeded 30s
125.2,50.0,0.0,246.22,0.4641588833612772,0.3733176213919559,0.0,78.76618253772602,2.9540627053296307,78.76618253772602,2.9540627053296307,64.33961575465845,Nucleation_FOPT,
125.2,50.0,0.0,246.22,0.4641588833612772,0.4297443091783058,0.0,89.47970846569517,2.514271177744913,89.47970846569517,2.514271177744913,84.37204790703169,Nucleation_FOPT,
125.2,50.0,0.0,246.22,0.4641588833612772,0.4946998499094118,0.0,98.2357628378214,1.1714150879926308,97.16261336609875,0.0,97.16261336609875,Nucleation_FOPT,
125.2,55.0,0.0,246.22,0.2154434690031882,0.0388200326037035,0.0,88.62881188151056,2.5559723301888364,,,,Trapped_FOPT,
125.2,55.0,0.0,246.22,0.2154434690031882,0.0582671678045449,0.0,108.48076428655412,1.9019386523073338,108.48076428655412,1.9019386523073338,89.26565420482021,Nucleation_FOPT,
125.2,55.0,0.0,246.22,0.2154434690031882,0.0874564655476127,0.0,120.47020897466524,1.5626328563312315,120.47020897466524,1.5626328563312315,116.09731959122304,Nucleation_FOPT,
125.2,55.0,0.0,246.22,0.4641588833612772,0.2986016194375553,0.0,64.85123321070401,3.6943176890470233,,,,Trapped_FOPT,
125.2,55.0,0.0,246.22,0.4641588833612772,0.3473006842101705,0.0,80.5881140080247,2.873791687457046,80.5881140080247,2.873791687457046,60.52105126352924,Nucleation_FOPT,
125.2,55.0,0.0,246.22,0.4641588833612772,0.4039421001133472,0.0,91.50305695350687,2.4407207334780328,91.50305695350687,2.4407207334780328,83.48857155276363,Nucleation_FOPT,
125.2,55.0,0.0,246.22,0.4641588833612772,0.4698211885618942,0.0,99.95489581004743,2.1514783885099416,99.95489581004743,2.1514783885099416,97.95676118405994,Nucleation_FOPT,
125.2,13.571428571428571,0.0,246.22,0.0215443469003188,0.0010859424942738,0.0,,,,,,no_transition,
125.2,17.142857142857142,0.0,246.22,0.0215443469003188,0.0006761433842512,0.0,110.73004093920888,1.8483337519548,110.73004093920888,1.8483337519548,94.24190532881033,Nucleation_FOPT,
125.2,17.142857142857142,0.0,246.22,0.0774263682681127,0.0088712974906373,0.0,,,,,,meta_stable,
125.2,20.714285714285715,0.0,246.22,0.0215443469003188,0.0002920078246104,0.0,,,,,,no_transition,
125.2,20.714285714285715,0.0,246.22,0.0215443469003188,0.0008076443845027,0.0,133.07197469735223,1.2394163012515942,133.07197469735223,1.2394163012515942,129.23106034536247,Nucleation_FOPT,
125.2,20.714285714285715,0.0,246.22,0.0774263682681127,0.0132859437570908,0.0,94.7537295453509,2.340516181202499,94.7537295453509,2.340516181202499,93.85721080935473,Nucleation_FOPT,
125.2,24.285714285714285,0.0,246.22,0.0215443469003188,3.085083284596014e-05,0.0,,,,,,timeout,exceeded 30s
125.2,24.285714285714285,0.0,246.22,0.0215443469003188,0.0001130078288344,0.0,144.22426481474116,0.9194102971271539,,,,error,KeyError: np.float64(154.86965113645383)
125.2,24.285714285714285,0.0,246.22,0.0774263682681127,0.011371592342059,0.0,95.99378527519383,2.2987187424663187,,,,error,ValueError: The function value at x=2.1573418150314738e+307 is NaN; solver cannot continue.
125.2,24.285714285714285,0.0,246.22,0.2782559402207126,0.1625404368473931,0.0,73.78521153685006,1.1495322640459888,,,,error,ValueError: The function value at x=2.2099608673220363e+307 is NaN; solver cannot continue.
125.2,27.857142857142858,0.0,246.22,0.0774263682681127,0.0051938958181105,0.0,,,,,,meta_stable,
125.2,27.857142857142858,0.0,246.22,0.0774263682681127,0.0093180989760773,0.0,97.5613931855876,2.246805307245687,97.5613931855876,2.246805307245687,80.50447938030403,Nucleation_FOPT,
125.2,27.857142857142858,0.0,246.22,0.2782559402207126,0.1234422075682911,0.0,,,,,,meta_stable,
125.2,27.857142857142858,0.0,246.22,0.2782559402207126,0.1557442995334731,0.0,73.73940232428426,3.195883565914363,73.73940232428426,3.195883565914363,70.97150708029864,Nucleation_FOPT,
125.2,31.42857142857143,0.0,246.22,0.0774263682681127,0.0072036113798542,0.0,99.56861169420064,2.181781640691635,99.56861169420064,2.181781640691635,66.57818812316312,Nucleation_FOPT,
125.2,31.42857142857143,0.0,246.22,0.0774263682681127,0.0133461650389673,0.0,,,,,,no_transition,
125.2,31.42857142857143,0.0,246.22,0.2782559402207126,0.1481719131098745,0.0,74.3884424103154,3.1639431764500814,74.3884424103154,3.1639431764500814,67.8197878875042,Nucleation_FOPT,
125.2,35.0,0.0,246.22,0.0774263682681127,0.005122097728497,0.0,102.23301289759358,2.0978116251956793,,,,Trapped_FOPT,
125.2,35.0,0.0,246.22,0.0774263682681127,0.0099030022539766,0.0,122.0409910010966,1.5307668829164933,122.0409910010966,1.5307668829164933,114.85696456440044,Nucleation_FOPT,
125.2,35.0,0.0,246.22,0.2782559402207126,0.1398840134411633,0.0,,,,,,no_transition,
125.2,35.0,0.0,246.22,0.2782559402207126,0.1788739402283416,0.0,94.59733468378057,0.9560794555493551,94.59733468378057,0.9560794555493551,94.36576191979663,Nucleation_FOPT,
125.2,38.57142857142857,0.0,246.22,0.0774263682681127,0.00318740824821,0.0,106.04626255888702,1.9817702044525818,,,,Trapped_FOPT,
125.2,38.57142857142857,0.0,246.22,0.0774263682681127,0.0065389494592131,0.0,125.35760863519866,1.441588725342562,125.35760863519866,1.441588725342562,110.75204783346172,Nucleation_FOPT,
125.2,38.57142857142857,0.0,246.22,0.0774263682681127,0.0134146167357615,0.0,134.45976963440566,0.995461235917168,134.45976963440566,0.995461235917168,133.8918736591046,Nucleation_FOPT,
125.2,38.57142857142857,0.0,246.22,0.2782559402207126,0.1309494556963557,0.0,,,,,,no_transition,
125.2,38.57142857142857,0.0,246.22,0.2782559402207126,0.1688362647148639,0.0,,,,,,no_transition,
125.2,42.142857142857146,0.0,246.22,0.0774263682681127,0.0015412393444176,0.0,112.34152189036142,1.7989452879072851,,,,Trapped_FOPT,
125.2,42.142857142857146,0.0,246.22,0.0774263682681127,0.0034624724472652,0.0,130.38822506452308,1.3061981348525213,130.38822506452308,1.3061981348525213,102.78961588064622,Nucleation_FOPT,
125.2,42.142857142857146,0.0,246.22,0.0774263682681127,0.0077786201679149,0.0,137.66499078376907,1.1051067527585603,137.66499078376907,1.1051067527585603,133.52632475796597,Nucleation_FOPT,
125.2,42.142857142857146,0.0,246.22,0.2782559402207126,0.1214455456312025,0.0,76.88716030015472,3.0447003972170856,76.88716030015472,3.0447003972170856,52.31619326204836,Nucleation_FOPT,
125.2,42.142857142857146,0.0,246.22,0.2782559402207126,0.1580643361242537,0.0,95.27020979005117,2.313571212315704,,,,error,ValueError: The function value at x=1.4596469023420179e+308 is NaN; solver cannot continue.
125.2,45.71428571428572,0.0,246.22,0.0774263682681127,0.0003733210104323,0.0,,,,,,timeout,exceeded 30s
125.2,45.71428571428572,0.0,246.22,0.0774263682681127,0.0010013182427751,0.0,141.17299725288362,1.0036090446607404,,,,timeout,exceeded 30s
125.2,45.71428571428572,0.0,246.22,0.0774263682681127,0.0026857267480152,0.0,,,,,,no_transition,
125.2,45.71428571428572,0.0,246.22,0.2782559402207126,0.0847231523408247,0.0,9.563948566649366,25.7439816197526,,,,error,ValueError: The function value at x=1.2628725201539921e+308 is NaN; solver cannot continue.
125.2,45.71428571428572,0.0,246.22,0.2782559402207126,0.1114584459609957,0.0,77.92583755440715,2.9968689510552515,77.92583755440715,2.9968689510552515,42.239080060467295,Nucleation_FOPT,
125.2,45.71428571428572,0.0,246.22,0.2782559402207126,0.1466303464024208,0.0,96.48392226105307,2.2730058996414892,,,,error,ValueError: The function value at x=1.4700452940506342e+308 is NaN; solver cannot continue.
125.2,49.285714285714285,0.0,246.22,0.2782559402207126,0.1010836777761472,0.0,79.08722345026766,2.9445510548691667,79.08722345026766,2.9445510548691667,20.45340570077971,Nucleation_FOPT,
125.2,49.285714285714285,0.0,246.22,0.2782559402207126,0.1346157593511387,0.0,97.82741376056954,2.228786895457256,,,,Trapped_FOPT,
125.2,52.85714285714286,0.0,246.22,0.2782559402207126,0.0669628625853819,0.0,,,,,,meta_stable,
125.2,52.85714285714286,0.0,246.22,0.2782559402207126,0.0904267450786789,0.0,80.38486055741957,2.8874821187575628,,,,Trapped_FOPT,
125.2,52.85714285714286,0.0,246.22,0.2782559402207126,0.1221124054411233,0.0,99.31365994656413,2.1806666440206146,99.31365994656413,2.1806666440206146,85.13547806124107,Nucleation_FOPT,
125.2,52.85714285714286,0.0,246.22,0.2782559402207126,0.164900766356713,0.0,111.52779274982848,1.8083451322003303,111.52779274982848,1.8083451322003303,108.77043044867067,Nucleation_FOPT,
125.2,56.42857142857143,0.0,246.22,0.2782559402207126,0.0796039229193975,0.0,81.8378598335742,2.8252540172024414,,,,Trapped_FOPT,
125.2,56.42857142857143,0.0,246.22,0.2782559402207126,0.1092238954962113,0.0,100.96023553194904,2.128297870093692,100.96023553194904,2.128297870093692,82.49118755955361,Nucleation_FOPT,
125.2,56.42857142857143,0.0,246.22,0.2782559402207126,0.1498652190727687,0.0,113.17889440515684,1.761663836333569,113.17889440515684,1.761663836333569,108.39042678982398,Nucleation_FOPT,
125.2,45.0,0.0,246.22,0.0923670857187386,0.0012635827995972,0.0,2.15754638928366,114.12026566584878,,,,Trapped_FOPT,
125.2,45.0,0.0,246.22,0.0923670857187386,0.0015905539527959,0.0,76.7602825617225,3.056651533965416,,,,Trapped_FOPT,
125.2,45.0,0.0,246.22,0.0923670857187386,0.0020021338352826,0.0,95.06638377885929,2.3303599387147527,,,,Trapped_FOPT,
125.2,45.0,0.0,246.22,0.0923670857187386,0.0025202162349395,0.0,106.7224900161282,1.960996770309107,,,,Trapped_FOPT,
125.2,45.0,0.0,246.22,0.0923670857187386,0.0031723602882702,0.0,,,,,,no_transition,
125.2,45.0,0.0,246.22,0.0923670857187386,0.0039932564750085,0.0,121.11096856537685,1.5553395971790671,,,,Trapped_FOPT,
125.2,45.0,0.0,246.22,0.0923670857187386,0.0050265719609965,0.0,125.85981533220759,1.4270027920439163,125.85981533220759,1.4270027920439163,90.7915480745413,Nucleation_FOPT,
125.2,45.0,0.0,246.22,0.0923670857187386,0.0063272734514309,0.0,129.55298802329435,1.3272899075824993,129.55298802329435,1.3272899075824993,109.9498454877463,Nucleation_FOPT,
125.2,45.0,0.0,246.22,0.0923670857187386,0.0079645511175066,0.0,,,,,,no_transition,
125.2,45.0,0.0,246.22,0.0923670857187386,0.0100254991332847,0.0,,,,,,no_transition,
125.2,45.0,0.0,246.22,0.0923670857187386,0.0126197486071203,0.0,,,,,,no_transition,
125.2,45.0,0.0,246.22,0.0923670857187386,0.0158852993541417,0.0,137.89288985165615,1.0966204959951538,137.89288985165615,1.0966204959951538,136.88617696253033,Nucleation_FOPT,
125.2,45.0,0.0,246.22,0.1373823795883264,0.0113048913909266,0.0,66.58802528415303,3.593184601068516,,,,Trapped_FOPT,
125.2,45.0,0.0,246.22,0.1373823795883264,0.0132676068695067,0.0,82.42547014664315,2.804197513061668,,,,Trapped_FOPT,
125.2,45.0,0.0,246.22,0.1373823795883264,0.0155710821056683,0.0,93.17039112018836,2.3936564081890044,,,,Trapped_FOPT,
125.2,45.0,0.0,246.22,0.1373823795883264,0.0214472293060738,0.0,107.8525324666294,1.9245340147143246,107.8525324666294,1.9245340147143246,81.99894866127691,Nucleation_FOPT,
125.2,45.0,0.0,246.22,0.1373823795883264,0.0251708218180259,0.0,113.20728028517645,1.7700027042188438,113.20728028517645,1.7700027042188438,97.95432811267867,Nucleation_FOPT,
125.2,45.0,0.0,246.22,0.1373823795883264,0.0295408913642466,0.0,117.67895794114607,1.6451012354881733,,,,Trapped_FOPT,
125.2,45.0,0.0,246.22,0.1373823795883264,0.0346696770134562,0.0,121.46114635173718,1.5414156640500705,121.46114635173718,1.5414156640500705,116.58557854737249,Nucleation_FOPT,
125.2,45.0,0.0,246.22,0.1373823795883264,0.0406889043866883,0.0,124.69031222581698,1.4536821876605397,124.69031222581698,1.4536821876605397,122.78252846622523,Nucleation_FOPT,
125.2,45.0,0.0,246.22,0.2043359717856943,0.0365771283214049,0.0,,,,,,meta_stable,
125.2,45.0,0.0,246.22,0.2043359717856943,0.0409971910978426,0.0,59.557983611887664,4.056225667500333,,,,Trapped_FOPT,
125.2,45.0,0.0,246.22,0.2043359717856943,0.0459513842405566,0.0,73.66811724296628,3.2035279006170003,,,,Trapped_FOPT,
125.2,45.0,0.0,246.22,0.2043359717856943,0.0515042532690585,0.0,83.50019874387093,2.7571374148609236,83.50019874387093,2.7571374148609236,21.47559951870052,Nucleation_FOPT,
125.2,45.0,0.0,246.22,0.2043359717856943,0.0577281435291793,0.0,91.18345244431292,2.4612362450524663,91.18345244431292,2.4612362450524663,64.0324043469117,Nucleation_FOPT,
125.2,45.0,0.0,246.22,0.2043359717856943,0.0647041427416942,0.0,97.49660316168854,2.243044922217641,,,,Trapped_FOPT,
125.2,45.0,0.0,246.22,0.2043359717856943,0.0725231374506502,0.0,,,,,,no_transition,
125.2,45.0,0.0,246.22,0.2043359717856943,0.0812869971352964,0.0,107.43651672672806,1.932111590378837,107.43651672672806,1.932111590378837,102.1088840451453,Nucleation_FOPT,
125.2,45.0,0.0,246.22,0.2043359717856943,0.0911099014127724,0.0,111.45795358710431,1.8144934121456515,111.45795358710431,1.8144934121456515,109.2640709237639,Nucleation_FOPT,
125.2,45.0,0.0,246.22,0.2043359717856943,0.1021198276229674,0.0,115.58292097676006,0.9647935709182301,115.58292097676006,0.9647935709182301,115.28591975610546,Nucleation_FOPT,
125.2,45.0,0.0,246.22,0.3039195382313201,0.1173694004787548,0.0,52.67694332761264,4.61809366639839,,,,Trapped_FOPT,
125.2,45.0,0.0,246.22,0.3039195382313201,0.126702466364308,0.0,64.99320001790278,3.687088787352463,,,,Trapped_FOPT,
125.2,45.0,0.0,246.22,0.3039195382313201,0.1367776858134712,0.0,73.70991244002505,3.1987191580251415,73.70991244002505,3.1987191580251415,38.025350230250865,Nucleation_FOPT,
125.2,45.0,0.0,246.22,0.3039195382313201,0.1476540739364701,0.0,80.64073194614802,2.8746304871613755,80.64073194614802,2.8746304871613755,59.88111404376426,Nucleation_FOPT,
125.2,45.0,0.0,246.22,0.3039195382313201,0.159395338650256,0.0,86.4425805887778,2.635331372354697,,,,Trapped_FOPT,
125.2,45.0,0.0,246.22,0.3039195382313201,0.1720702538445463,0.0,91.44723806476638,2.447192676941667,91.44723806476638,2.447192676941667,83.18564664776721,Nucleation_FOPT,
125.2,45.0,0.0,246.22,0.3039195382313201,0.1857530622215535,0.0,95.85035996733679,2.2929870323455743,,,,error,ValueError: The function value at x=1.4357859418894635e+308 is NaN; solver cannot continue.
125.2,45.0,0.0,246.22,0.3039195382313201,0.2005239101690202,0.0,99.77884568104467,2.1628368229911903,99.77884568104467,2.1628368229911903,97.75951928900011,Nucleation_FOPT,
125.2,45.0,0.0,246.22,0.3039195382313201,0.216469317213806,0.0,103.8459090330685,1.1100516206160214,103.8459090330685,1.1100516206160214,103.51215422531652,Nucleation_FOPT,
125.2,45.0,0.0,246.22,0.452035365636025,0.2996015722339089,0.0,44.41981369751811,5.5081867267724425,,,,Trapped_FOPT,
125.2,45.0,0.0,246.22,0.452035365636025,0.3127799760803617,0.0,54.486098213868736,4.455315920907937,,,,Trapped_FOPT,
125.2,45.0,0.0,246.22,0.452035365636025,0.3265380508766205,0.0,61.66433170519406,3.9028207499233,61.66433170519406,3.9028207499233,31.088424185035485,Nucleation_FOPT,
125.2,45.0,0.0,246.22,0.452035365636025,0.3409012942788479,0.0,67.43259082181616,3.536527764978714,67.43259082181616,3.536527764978714,46.5862989133519,Nucleation_FOPT,
125.2,45.0,0.0,246.22,0.452035365636025,0.3558963254940968,0.0,72.32565090575308,3.2660992767777173,72.32565090575308,3.2660992767777173,57.403394872806494,Nucleation_FOPT,
125.2,45.0,0.0,246.22,0.452035365636025,0.3715509346133309,0.0,76.60597277077615,3.0536322075799007,,,,timeout,exceeded 30s
125.2,45.0,0.0,246.22,0.452035365636025,0.3878941341144291,0.0,80.42685034935116,2.8795930485057015,80.42685034935116,2.8795930485057015,72.77445378089212,Nucleation_FOPT,
125.2,45.0,0.0,246.22,0.452035365636025,0.404956212630623,0.0,83.8866169417591,2.7328159574273068,83.8866169417591,2.7328159574273068,78.7222740402551,Nucleation_FOPT,
125.2,45.0,0.0,246.22,0.452035365636025,0.4227687910840158,0.0,87.05278605388396,2.6062750142046984,87.05278605388396,2.6062750142046984,83.94296313493935,Nucleation_FOPT,
125.2,45.0,0.0,246.22,0.452035365636025,0.4413648812882155,0.0,89.97408327143151,2.495262513815402,,,,error,ValueError: The function value at x=1.286463407275808e+308 is NaN; solver cannot continue.
125.2,45.0,0.0,246.22,0.6723357536499335,0.7175125297171389,0.0,30.964783674334818,7.940013367707654,,,,Trapped_FOPT,
125.2,45.0,0.0,246.22,0.6723357536499335,0.7434920513446134,0.0,45.50691562691242,5.372100592677402,,,,timeout,exceeded 30s
125.2,45.0,0.0,246.22,0.6723357536499335,0.7523592704663243,0.0,48.597791221951276,5.019637671600399,,,,timeout,exceeded 30s
125.2,45.0,0.0,246.22,0.6723357536499335,0.7613322440138025,0.0,51.31788604556737,4.742971994522962,,,,timeout,exceeded 30s
125.2,45.0,0.0,246.22,0.6723357536499335,0.7704122332616838,0.0,53.76453901408836,4.516720835535847,,,,error,ValueError: f(a) and f(b) must have different signs
125.2,45.0,0.0,246.22,0.6723357536499335,0.7796005145271303,0.0,55.99935512060482,4.3262222039740745,55.99935512060482,4.3262222039740745,38.8581056371056,Nucleation_FOPT,
125.2,45.0,0.0,246.22,0.6723357536499335,0.7888983793492339,0.0,58.06431566114192,4.162272691677099,58.06431566114192,4.162272691677099,42.74087767058073,Nucleation_FOPT,
125.2,45.0,0.0,246.22,0.6723357536499335,0.79830713467056,0.0,59.98894146553532,4.018799613678003,59.98894146553532,4.018799613678003,46.25618902994099,Nucleation_FOPT,
125.2,45.0,0.0,246.22,0.6723357536499335,0.8078281030208565,0.0,61.794980609353985,3.891550469472113,61.794980609353985,3.891550469472113,49.47716681643218,Nucleation_FOPT,
125.2,45.0,0.0,246.22,0.6723357536499335,0.8174626227029531,0.0,63.49926667649182,3.777458690074394,,,,Trapped_FOPT,
125.2,45.0,0.0,246.22,0.6723357536499335,0.8272120479808783,0.0,65.1150152902099,3.67407056477856,,,,Trapped_FOPT,
125.2,45.0,0.0,246.22,0.6723357536499335,0.8370777492702198,0.0,66.65282412945874,3.5800031848039904,66.65282412945874,3.5800031848039904,57.818985369259735,Nucleation_FOPT,
125.2,45.0,0.0,246.22,0.6723357536499335,0.8470611133307554,0.0,68.12133964252777,3.493475919035388,68.12133964252777,3.493475919035388,60.25892839555374,Nucleation_FOPT,
125.2,45.0,0.0,246.22,0.6723357536499335,0.8571635434613807,0.0,69.5277254032382,3.4137934910497276,,,,Trapped_FOPT,
125.2,45.0,0.0,246.22,0.6723357536499335,0.8673864596973625,0.0,70.87799099688358,3.3396265714597835,70.87799099688358,3.3396265714597835,64.74910489173894,Nucleation_FOPT,
125.2,45.0,0.0,246.22,0.6723357536499335,0.8777312990099441,0.0,72.17723303684247,3.270766861612907,72.17723303684247,3.270766861612907,66.82765765062415,Nucleation_FOPT,
125.2,45.0,0.0,246.22,0.6723357536499335,0.888199515508331,0.0,73.42982339634592,3.2058946997811852,73.42982339634592,3.2058946997811852,68.810250969806,Nucleation_FOPT,
125.2,45.0,0.0,246.22,0.6723357536499335,0.8987925806440864,0.0,74.63953981998667,3.1451916213967115,74.63953981998667,3.1451916213967115,70.70574623815786,Nucleation_FOPT,
125.2,45.0,0.0,246.22,0.6723357536499335,0.9095119834179636,0.0,75.80967470691182,3.0879799955351523,75.80967470691182,3.0879799955351523,72.52289193916826,Nucleation_FOPT,
125.2,45.0,0.0,246.22,0.6723357536499335,0.920359230589206,0.0,76.94311537552112,3.0339076763993695,76.94311537552112,3.0339076763993695,74.26940768437302,Nucleation_FOPT,
125.2,45.0,0.0,246.22,0.6723357536499335,0.931335846887342,0.0,78.04241587313852,2.9826808362454487,78.04241587313852,2.9826808362454487,75.94970194769695,Nucleation_FOPT,
125.2,45.0,0.0,246.22,0.6723357536499335,0.9424433752265072,0.0,79.10984243015709,2.9340464947496545,,,,error,ValueError: The function value at x=1.1439302929251152e+308 is NaN; solver cannot continue.
125.2,45.0,0.0,246.22,0.6723357536499335,0.953683376922322,0.0,80.14741905116787,2.8877276983505773,,,,error,ValueError: The function value at x=1.1480250587459939e+308 is NaN; solver cannot continue.
125.2,45.0,0.0,246.22,0.6723357536499335,0.9650574319113564,0.0,81.15696278249673,2.8435758505270705,,,,error,ValueError: The function value at x=1.1521004389432156e+308 is NaN; solver cannot continue.
125.2,45.0,0.0,246.22,0.6723357536499335,0.9765671389732106,0.0,82.1401109183072,2.8013707047203997,,,,error,ValueError: The function value at x=1.1561624666137496e+308 is NaN; solver cannot continue.
125.2,45.0,0.0,246.22,0.6723357536499335,0.9882141159552472,0.0,83.77422983146923,1.091685146956982,83.77422983146923,1.091685146956982,83.51797858915619,Nucleation_FOPT,
125.2,45.0,0.0,246.22,0.6723357536499335,1.0,0.0,85.11806134622628,1.008634588890968,,,,error,ValueError: The function value at x=2.088729498969711e+307 is NaN; solver cannot continue.
125.2,10.0,0.0,246.22,0.0035564803062231,6.247961916597291e-06,0.0,149.3511849724611,0.0,,,,FOPT,
125.2,10.0,0.0,246.22,0.0035564803062231,8.637619987743411e-06,0.0,144.0626412331383,0.9277183623801645,,,,error,KeyError: np.float64(145.37040904686856)
125.2,10.0,0.0,246.22,0.0044984326689694,3.611890963171296e-06,0.0,80.14196620703481,2.9063170300272985,,,,error,KeyError: np.float64(149.2110205131168)
125.2,10.0,0.0,246.22,0.0044984326689694,4.6893771158217054e-06,0.0,98.97180635823979,2.2052359731587408,,,,error,IntegrationError: r > rmax
125.2,10.0,0.0,246.22,0.0044984326689694,6.088295011841804e-06,0.0,110.64597578095969,1.8521350139555257,,,,error,KeyError: np.float64(148.19032705165893)
125.2,10.0,0.0,246.22,0.0044984326689694,7.904532997816406e-06,0.0,118.68127357049262,1.6285058395804854,,,,Trapped_FOPT,
125.2,10.0,0.0,246.22,0.0044984326689694,1.0262584482526044e-05,0.0,124.51210450029768,1.4713943355313486,124.51210450029768,1.4713943355313486,43.512276993828955,Nucleation_FOPT,
125.2,10.0,0.0,246.22,0.0044984326689694,1.3324081294882155e-05,0.0,128.88425263769892,1.3544612685768318,,,,error,KeyError: np.float64(145.681912466777)
125.2,10.0,0.0,246.22,0.0044984326689694,1.7298872682111243e-05,0.0,132.14660774494016,1.266737062086389,,,,error,KeyError: np.float64(144.48239988731694)
125.2,10.0,0.0,246.22,0.0044984326689694,2.245940935431236e-05,0.0,134.59630025837583,1.2001077921893688,,,,Trapped_FOPT,
125.2,10.0,0.0,246.22,0.0044984326689694,2.915941852478049e-05,0.0,136.44028781571134,1.1492523759031388,,,,Trapped_FOPT,
125.2,10.0,0.0,246.22,0.0044984326689694,3.785815002031891e-05,0.0,137.82846032724436,1.1104581159356492,,,,error,ValueError: The function value at x=1.201219754402692e+308 is NaN; solver cannot continue.
125.2,10.0,0.0,246.22,0.0056898660290182,1.3953025665857984e-05,0.0,75.24415848512018,3.131375159609459,,,,error,ValueError: The function value at x=8.298488462320533e+307 is NaN; solver cannot continue.
125.2,10.0,0.0,246.22,0.0056898660290182,1.7612505222862393e-05,0.0,92.87356028874069,2.409907374615052,,,,Trapped_FOPT,
125.2,10.0,0.0,246.22,0.0056898660290182,2.2231761601671212e-05,0.0,104.26704386874106,2.0396908325672616,,,,error,KeyError: np.float64(136.79149225605988)
125.2,10.0,0.0,246.22,0.0056898660290182,2.80625168117462e-05,0.0,112.49984192003114,1.7993868499881756,112.49984192003114,1.7993868499881756,61.80937261030752,Nucleation_FOPT,
125.2,10.0,0.0,246.22,0.0056898660290182,3.5422512346045385e-05,0.0,118.73359597476798,1.626958681239815,118.73359597476798,1.626958681239815,93.09235034183179,Nucleation_FOPT,
125.2,10.0,0.0,246.22,0.0056898660290182,4.471282420329926e-05,0.0,123.55250024908518,1.4969579032721665,123.55250024908518,1.4969579032721665,110.05151815409762,Nucleation_FOPT,
125.2,10.0,0.0,246.22,0.0056898660290182,5.643971914539669e-05,0.0,127.33329946856952,1.3958095678875198,127.33329946856952,1.3958095678875198,121.01226241889589,Nucleation_FOPT,
125.2,10.0,0.0,246.22,0.0056898660290182,7.124224322596478e-05,0.0,130.32772906991931,1.3156199327261955,130.32772906991931,1.3156199327261955,128.6374094896414,Nucleation_FOPT,
125.2,10.0,0.0,246.22,0.0071968567300115,3.63535326540971e-05,0.0,72.24273230584528,3.2816438919610604,,,,Trapped_FOPT,
125.2,10.0,0.0,246.22,0.0071968567300115,4.4981634450959416e-05,0.0,89.23476639930233,2.540913098480504,,,,Trapped_FOPT,
125.2,10.0,0.0,246.22,0.0071968567300115,6.886720479731119e-05,0.0,108.70832223776365,1.9077677372095097,108.70832223776365,1.9077677372095097,85.54961506244483,Nucleation_FOPT,
125.2,10.0,0.0,246.22,0.0071968567300115,8.521206071847586e-05,0.0,125.03255751301876,0.0,,,,FOPT,
125.2,10.0,0.0,246.22,0.0071968567300115,0.0001054361842223,0.0,123.89051306824129,0.0,,,,FOPT,
125.2,10.0,0.0,246.22,0.0091029817799152,9.654322811830532e-05,0.0,117.77792915217438,0.0,,,,FOPT,
125.2,10.0,0.0,246.22,0.0091029817799152,0.0001175312261461,0.0,117.27495397952819,0.0,,,,FOPT,
125.2,10.0,0.0,246.22,0.0091029817799152,0.0001430819062988,0.0,105.7480665866504,1.994829825799525,105.7480665866504,1.994829825799525,94.10101039250986,Nucleation_FOPT,
125.2,10.0,0.0,246.22,0.0115139539932644,0.0001566356309446,0.0,109.7137677986042,0.0,,,,FOPT,
125.2,10.0,0.0,246.22,0.0115139539932644,0.0001880025215154,0.0,109.30950133019415,0.0,,,,FOPT,
125.2,10.0,0.0,246.22,0.0115139539932644,0.0002256507531716,0.0,95.02228185120906,2.335407755215751,95.02228185120906,2.335407755215751,80.72158786937642,Nucleation_FOPT,
125.2,10.0,0.0,246.22,0.0115139539932644,0.0003250745829657,0.0,110.41012998476478,1.0335899662178565,110.41012998476478,1.0335899662178565,109.93547436767413,Nucleation_FOPT,
125.2,10.0,0.0,246.22,0.0145634847750124,0.0002907414832252,0.0,102.01483228755183,0.0,,,,FOPT,
125.2,10.0,0.0,246.22,0.0145634847750124,0.0003444958060784,0.0,101.69513273064052,0.0,,,,FOPT,
125.2,10.0,0.0,246.22,0.0145634847750124,0.000408188604836,0.0,92.73207427112811,2.414300201029702,,,,error,ValueError: The function value at x=4.3560484069427097e+307 is NaN; solver cannot continue.
125.2,10.0,0.0,246.22,0.0184206996932671,0.0005176851826966,0.0,,,,,,no_transition,
125.2,10.0,0.0,246.22,0.0184206996932671,0.0006060698761419,0.0,80.0569370104041,2.90933790585139,80.0569370104041,2.90933790585139,67.39371351761372,Nucleation_FOPT,
125.2,10.0,0.0,246.22,0.0184206996932671,0.0007095445398944,0.0,90.55649648393187,2.491738463162188,,,,error,ValueError: The function value at x=3.833464600129224e+307 is NaN; solver cannot continue.
125.2,10.0,0.0,246.22,0.0232995181051537,0.0008953448811318,0.0,,,,,,no_transition,
125.2,10.0,0.0,246.22,0.0232995181051537,0.0010363120688064,0.0,78.128799968168,2.9951437510963084,78.128799968168,2.9951437510963084,70.55221244263997,Nucleation_FOPT,
125.2,10.0,0.0,246.22,0.0232995181051537,0.0011994737743921,0.0,88.59058889895753,1.5576739424742942,,,,error,ValueError: The function value at x=3.3943911988501045e+307 is NaN; solver cannot continue.
125.2,10.0,0.0,246.22,0.029470517025518,0.0015163480339957,0.0,61.58480018821489,3.91553286994719,61.58480018821489,3.91553286994719,46.41030638928346,Nucleation_FOPT,
125.2,10.0,0.0,246.22,0.029470517025518,0.0017359301611376,0.0,76.21863414110307,3.0835701072385735,76.21863414110307,3.0835701072385735,72.17340476731185,Nucleation_FOPT,
125.2,10.0,0.0,246.22,0.029470517025518,0.0019873099425641,0.0,88.28743911532773,0.9770649938261113,88.28743911532773,0.9770649938261113,88.03259979377579,Nucleation_FOPT,
125.2,10.0,0.0,246.22,0.0372759372031494,0.0028641085273575,0.0,74.29516550551728,3.1763570869783666,,,,error,ValueError: The function value at x=2.6662408356781994e+307 is NaN; solver cannot continue.
125.2,10.0,0.0,246.22,0.0471486636345739,0.0041679765700711,0.0,58.48512431473051,4.138628367759484,,,,Trapped_FOPT,
125.2,10.0,0.0,246.22,0.0471486636345739,0.0046720788014531,0.0,72.96771085884963,1.2064113405492207,,,,error,ValueError: The function value at x=4.995801107718801e+307 is NaN; solver cannot continue.
125.2,10.0,0.0,246.22,0.0596362331659464,0.0068099165180144,0.0,56.87664437231269,4.262270143569146,,,,error,ValueError: The function value at x=2.134793391617687e+307 is NaN; solver cannot continue.
125.2,10.0,0.0,246.22,0.0596362331659464,0.00755587330895,0.0,72.23680983526847,0.9970866643802911,,,,timeout,exceeded 30s
125.2,10.0,0.0,246.22,0.0754312006335462,0.0110516769976989,0.0,55.20042529833317,4.398756278028468,,,,error,ValueError: The function value at x=1.9391428483443799e+307 is NaN; solver cannot continue.
125.2,10.0,0.0,246.22,0.0954095476349994,0.0178424580030711,0.0,54.366727261888585,0.9244048267188306,54.366727261888585,0.9244048267188306,54.242421119450725,Nucleation_FOPT,
125.2,20.0,0.0,246.22,0.0145634847750124,1.29871998060488e-05,0.0,,,,,,timeout,exceeded 30s
125.2,20.0,0.0,246.22,0.0145634847750124,2.796951388702485e-05,0.0,,,,,,timeout,exceeded 30s
125.2,20.0,0.0,246.22,0.0145634847750124,3.611947122294724e-05,0.0,,,,,,timeout,exceeded 30s
125.2,20.0,0.0,246.22,0.0145634847750124,6.023574894967905e-05,0.0,144.51256621969563,0.9116580288488366,,,,error,KeyError: np.float64(154.24702293486533)
125.2,20.0,0.0,246.22,0.0145634847750124,7.778767302029937e-05,0.0,144.33503539579402,0.9172082920886568,,,,error,KeyError: np.float64(152.70376442774426)
125.2,20.0,0.0,246.22,0.0145634847750124,0.0001297250093864,0.0,143.8259255129021,0.9330031398604631,,,,Trapped_FOPT,
125.2,20.0,0.0,246.22,0.0145634847750124,0.0001675252119989,0.0,143.55754364637897,0.9412593166156792,143.55754364637897,0.9412593166156792,141.13255915531158,Nucleation_FOPT,
125.2,20.0,0.0,246.22,0.0184206996932671,6.453879927697221e-05,0.0,73.49930940200491,3.21705705192112,,,,error,KeyError: np.float64(147.9848153310867)
125.2,20.0,0.0,246.22,0.0184206996932671,7.89071358102924e-05,0.0,,,,,,no_transition,
125.2,20.0,0.0,246.22,0.0184206996932671,0.0001179524798969,0.0,110.90214062724705,1.8437350700078476,,,,Trapped_FOPT,
125.2,20.0,0.0,246.22,0.0184206996932671,0.000144212356825,0.0,117.16707652956728,1.6686141385364415,,,,Trapped_FOPT,
125.2,20.0,0.0,246.22,0.0184206996932671,0.0001763184960519,0.0,122.06442534053184,1.5356629548745646,122.06442534053184,1.5356629548745646,34.11093389719559,Nucleation_FOPT,
125.2,20.0,0.0,246.22,0.0184206996932671,0.000215572456719,0.0,125.99207749293626,1.4303000342200956,125.99207749293626,1.4303000342200956,83.89511894234943,Nucleation_FOPT,
125.2,20.0,0.0,246.22,0.0184206996932671,0.000263565565363,0.0,129.1300231846976,1.3462409792993202,129.1300231846976,1.3462409792993202,103.62858078400836,Nucleation_FOPT,
125.2,20.0,0.0,246.22,0.0184206996932671,0.0003222434271168,0.0,131.65034498745027,1.2783861163726629,,,,error,ValueError: The function value at x=4.270308288218986e+307 is NaN; solver cannot continue.
125.2,20.0,0.0,246.22,0.0184206996932671,0.000393984799103,0.0,133.68192966173808,1.2232263969432193,133.68192966173808,1.2232263969432193,123.8184728188537,Nucleation_FOPT,
125.2,20.0,0.0,246.22,0.0184206996932671,0.000481698023488,0.0,,,,,,no_transition,
125.2,20.0,0.0,246.22,0.0184206996932671,0.0005889389295236,0.0,136.65022311763752,1.1413969954968672,136.65022311763752,1.1413969954968672,134.1572964196973,Nucleation_FOPT,
125.2,20.0,0.0,246.22,0.0232995181051537,0.0002796151825121,0.0,85.00819718095805,2.70254380107307,,,,Trapped_FOPT,
125.2,20.0,0.0,246.22,0.0232995181051537,0.000332786606729,0.0,95.920989246415,2.3044318412368425,,,,Trapped_FOPT,
125.2,20.0,0.0,246.22,0.0232995181051537,0.0003960690711543,0.0,,,,,,no_transition,
125.2,20.0,0.0,246.22,0.0232995181051537,0.0004713852840021,0.0,110.48189398368872,1.8553555814936067,110.48189398368872,1.8553555814936067,59.56241433149086,Nucleation_FOPT,
125.2,20.0,0.0,246.22,0.0232995181051537,0.0005610235743128,0.0,115.67251973008506,1.7093215697309745,115.67251973008506,1.7093215697309745,86.6746842150302,Nucleation_FOPT,
125.2,20.0,0.0,246.22,0.0232995181051537,0.0006677074181495,0.0,,,,,,no_transition,
125.2,20.0,0.0,246.22,0.0232995181051537,0.0007946781858462,0.0,123.45988781096315,1.4976016386145508,123.45988781096315,1.4976016386145508,112.79146664732312,Nucleation_FOPT,
125.2,20.0,0.0,246.22,0.0232995181051537,0.0009457936244141,0.0,126.4114115706298,1.4184882390129836,126.4114115706298,1.4184882390129836,120.53098037540725,Nucleation_FOPT,
125.2,20.0,0.0,246.22,0.029470517025518,0.0005978292998149,0.0,65.49308120399995,3.6617486606499208,,,,Trapped_FOPT,
125.2,20.0,0.0,246.22,0.029470517025518,0.0008144913560578,0.0,91.55967390989122,2.455112690060984,,,,Trapped_FOPT,
125.2,20.0,0.0,246.22,0.029470517025518,0.0009506948063952,0.0,99.57959051018156,2.184120858151537,99.57959051018156,2.184120858151537,54.24401581004521,Nucleation_FOPT,
125.2,20.0,0.0,246.22,0.029470517025518,0.0011096749010099,0.0,,,,,,no_transition,
125.2,20.0,0.0,246.22,0.029470517025518,0.0015118372672379,0.0,115.65126382211947,1.7093208519387373,115.65126382211947,1.7093208519387373,107.20533460269124,Nucleation_FOPT,
125.2,20.0,0.0,246.22,0.029470517025518,0.0017646545017181,0.0,119.3666183916839,1.6074422392916934,119.3666183916839,1.6074422392916934,115.35669774875203,Nucleation_FOPT,
125.2,20.0,0.0,246.22,0.029470517025518,0.0020597491396168,0.0,122.54677200616062,1.404269292087003,122.54677200616062,1.404269292087003,121.72905588121866,Nucleation_FOPT,
125.2,20.0,0.0,246.22,0.0372759372031494,0.0012880342790292,0.0,62.93527627938091,3.824503095640607,,,,Trapped_FOPT,
125.2,20.0,0.0,246.22,0.0372759372031494,0.0016996015247433,0.0,88.06419277376905,2.5831950699768034,,,,error,ValueError: The function value at x=2.9189443239162697e+307 is NaN; solver cannot continue.
125.2,20.0,0.0,246.22,0.0372759372031494,0.0019523467661854,0.0,95.93750137650888,2.3030015505227173,95.93750137650888,2.3030015505227173,70.60949838827095,Nucleation_FOPT,
125.2,20.0,0.0,246.22,0.0372759372031494,0.0022426773805173,0.0,102.29175716917032,2.0980869620821103,102.29175716917032,2.0980869620821103,87.88403529818453,Nucleation_FOPT,
125.2,20.0,0.0,246.22,0.0372759372031494,0.0025761826332271,0.0,107.566515076404,1.9388263266359376,107.566515076404,1.9388263266359376,99.8067183918032,Nucleation_FOPT,
125.2,20.0,0.0,246.22,0.0372759372031494,0.0029592829612479,0.0,112.02683996320792,1.8100829638356302,112.02683996320792,1.8100829638356302,108.76859214560768,Nucleation_FOPT,
125.2,20.0,0.0,246.22,0.0471486636345739,0.0022292301326709,0.0,,,,,,meta_stable,
125.2,20.0,0.0,246.22,0.0471486636345739,0.0028601807550005,0.0,75.02836621441698,3.1402154115096486,,,,Trapped_FOPT,
125.2,20.0,0.0,246.22,0.0471486636345739,0.0032397594683533,0.0,84.96715085448484,2.702982497947445,84.96715085448484,2.702982497947445,56.135272432152426,Nucleation_FOPT,
125.2,20.0,0.0,246.22,0.0471486636345739,0.0036697126202371,0.0,92.6679982014047,2.414751578972505,92.6679982014047,2.414751578972505,77.05776247849431,Nucleation_FOPT,
125.2,20.0,0.0,246.22,0.0471486636345739,0.0041567254750467,0.0,98.9366700735133,2.203583504003868,,,,error,ValueError: The function value at x=2.6608702283738137e+307 is NaN; solver cannot continue.
125.2,20.0,0.0,246.22,0.0471486636345739,0.0047083705082567,0.0,104.18939385926622,2.0390129790054643,104.18939385926622,2.0390129790054643,100.82912010752905,Nucleation_FOPT,
125.2,20.0,0.0,246.22,0.0471486636345739,0.0053332251494844,0.0,109.20235923633562,1.1165089063999993,109.20235923633562,1.1165089063999993,108.78422403241856,Nucleation_FOPT,
125.2,20.0,0.0,246.22,0.0596362331659464,0.0046640545903646,0.0,58.59341172343476,4.129824547341894,,,,Trapped_FOPT,
125.2,20.0,0.0,246.22,0.0596362331659464,0.005215921534169,0.0,72.40891465751336,3.2710949583187854,72.40891465751336,3.2710949583187854,33.72296157558312,Nucleation_FOPT,
125.2,20.0,0.0,246.22,0.0596362331659464,0.0058330872684921,0.0,82.046397586736,2.8221147870741246,82.046397586736,2.8221147870741246,63.34628891704479,Nucleation_FOPT,
125.2,20.0,0.0,246.22,0.0596362331659464,0.0065232781703004,0.0,,,,,,no_transition,
125.2,20.0,0.0,246.22,0.0596362331659464,0.0072951348279963,0.0,95.72262508032769,2.308760600561789,,,,error,ValueError: The function value at x=2.365515552756279e+307 is NaN; solver cannot continue.
125.2,20.0,0.0,246.22,0.0596362331659464,0.0081583202140517,0.0,101.0775619367641,1.4644164254293328,101.0775619367641,1.4644164254293328,100.31262735142623,Nucleation_FOPT,
125.2,20.0,0.0,246.22,0.0562341325190349,0.0035819061956007,0.0,,,,,,meta_stable,
125.2,30.0,0.0,246.22,0.0562341325190349,0.007091409120372,0.0,,,,,,no_transition,
125.2,32.22222222222222,0.0,246.22,0.0562341325190349,0.0053443038075692,0.0,129.61237852430588,1.3290036630884523,129.61237852430588,1.3290036630884523,124.77536995803561,Nucleation_FOPT,
125.2,37.77777777777778,0.0,246.22,0.0562341325190349,0.0014357531379562,0.0,138.42212147311892,1.0864398802401252,138.42212147311892,1.0864398802401252,117.60565558853872,Nucleation_FOPT,
125.2,20.0,0.0,246.22,0.0188739182213509,0.0007015944141987,0.0,,,,,,no_transition,
125.2,30.0,0.0,246.22,0.0621016941891561,0.009568350814328,0.0,126.27783400381651,0.9014185020362456,126.27783400381651,0.9014185020362456,125.94641626369587,Nucleation_FOPT,
125.2,30.0,0.0,246.22,0.6723357536499335,0.8448164835371257,0.0,47.761791912101145,5.108959702979099,,,,error,KeyError: np.float64(66.40346008320267)
125.2,30.0,0.0,246.22,0.6723357536499335,0.8936653497983493,0.0,58.9512528804388,3.2483441297403015,,,,error,ValueError: The function value at x=1.2077340331517035e+308 is NaN; solver cannot continue.
125.2,30.0,0.0,246.22,0.6723357536499335,0.9453387487024688,0.0,69.08175664731488,0.9067161100459984,69.08175664731488,0.9067161100459984,68.92922530628636,Nucleation_FOPT,
125.2,40.0,0.0,246.22,0.0621016941891561,0.0014748911154078,0.0,138.99905431782545,1.069157985975669,138.99905431782545,1.069157985975669,114.8931302056013,Nucleation_FOPT,
125.2,40.0,0.0,246.22,0.0923670857187386,0.012914227062095,0.0,125.03993674631116,1.4486158397693158,125.03993674631116,1.4486158397693158,117.37651406711892,Nucleation_FOPT,
125.2,40.0,0.0,246.22,0.1373823795883264,0.0138398317079145,0.0,,,,,,meta_stable,
125.2,40.0,0.0,246.22,0.3039195382313201,0.2063801568084203,0.0,95.27179183234351,2.3117420828621844,,,,error,ValueError: The function value at x=1.4303052789833695e+308 is NaN; solver cannot continue.
125.2,40.0,0.0,246.22,0.452035365636025,0.4136903709391981,0.0,79.79474259065631,2.9066143304262333,79.79474259065631,2.9066143304262333,76.34426209960436,Nucleation_FOPT,
125.2,40.0,0.0,246.22,0.6723357536499335,0.8615520168540344,0.0,64.40612644438528,3.7182270270397253,64.40612644438528,3.7182270270397253,58.876620824832614,Nucleation_FOPT,
125.2,40.0,0.0,246.22,0.6723357536499335,0.9281982637637468,0.0,73.23047008326628,3.2153084464709374,,,,error,ValueError: The function value at x=1.1204308318016054e+308 is NaN; solver cannot continue.
125.2,50.0,0.0,246.22,0.0923670857187386,0.0016133365518133,0.0,237.8159607922794,2.0914444168313831e-07,,,,FOPT,
125.2,50.0,0.0,246.22,0.1373823795883264,0.0210984118202764,0.0,122.3679612055213,1.5174152789556126,,,,error,ValueError: The function value at x=1.1140812468380746e+308 is NaN; solver cannot continue.
125.2,50.0,0.0,246.22,0.2043359717856943,0.0697592679188752,0.0,110.83565825107809,1.8333068704144517,,,,Trapped_FOPT,
125.2,50.0,0.0,246.22,0.3039195382313201,0.1708845845522892,0.0,,,,,,no_transition,
125.2,50.0,0.0,246.22,0.452035365636025,0.3684119757133468,0.0,83.0247083873777,2.7693878702077934,83.0247083873777,2.7693878702077934,72.08502457736729,Nucleation_FOPT,
125.2,50.0,0.0,246.22,0.6723357536499335,0.7428994507150363,0.0,56.785073805269455,4.263156097848244,56.785073805269455,4.263156097848244,30.23097020767807,Nucleation_FOPT,
125.2,50.0,0.0,246.22,0.6723357536499335,0.8202634459256293,0.0,70.5183636866968,3.3598215006191694,70.5183636866968,3.3598215006191694,59.37659211542749,Nucleation_FOPT,
125.2,50.0,0.0,246.22,0.6723357536499335,0.9056839658101656,0.0,80.23452297695586,2.8846848685075064,80.23452297695586,2.8846848685075064,75.96980027956688,Nucleation_FOPT,
125.2,50.0,0.0,246.22,0.6723357536499335,1.0,0.0,87.92607437495874,2.568460964176322,,,,error,ValueError: The function value at x=1.18475881788031e+308 is NaN; solver cannot continue.
125.2,10.0,0.0,246.22,0.01,0.0002212165441107,0.0,110.5281085233674,1.8550216157282426,110.5281085233674,1.8550216157282426,107.91289165911998,Nucleation_FOPT,
125.2,35.0,0.0,246.22,0.1,0.0112990508950978,0.0,93.54037412190473,2.38195932273603,93.54037412190473,2.38195932273603,43.84382429468064,Nucleation_FOPT,
125.2,35.0,0.0,246.22,0.1,0.0185939061863407,0.0,113.58830385767416,1.7613325273953173,113.58830385767416,1.7613325273953173,107.42230563467595,Nucleation_FOPT,
125.2,35.0,0.0,246.22,0.3162277660168379,0.1781882905839621,0.0,69.54587653093296,3.4174443205040292,,,,Trapped_FOPT,
125.2,35.0,0.0,246.22,0.3162277660168379,0.2158314906667753,0.0,86.40543768809914,2.63465210454858,,,,error,ValueError: The function value at x=1.3602400931572412e+308 is NaN; solver cannot continue.
125.2,10.0,0.0,246.22,0.0042813323987193,8.081327473462693e-06,0.0,128.45423641731324,1.366003206357316,,,,error,KeyError: np.float64(148.94420542006387)
125.2,10.0,0.0,246.22,0.0078475997035146,0.0001232567243266,0.0,249.95616491226588,1.1182930485364799e-07,,,,FOPT,
125.2,35.0,0.0,246.22,0.0483293023857175,0.0003300956007331,0.0,122.61161125302786,1.5183558517703795,,,,Trapped_FOPT,
125.2,35.0,0.0,246.22,0.0483293023857175,0.0008991036678768,0.0,137.22265400049545,1.1214728160266794,137.22265400049545,1.1214728160266794,105.55137595232135,Nucleation_FOPT,
125.2,35.0,0.0,246.22,0.0483293023857175,0.0024489493461715,0.0,141.17988587226296,1.007399190061078,141.17988587226296,1.007399190061078,137.57809906717787,Nucleation_FOPT,
125.2,35.0,0.0,246.22,0.0885866790410082,0.0081830635767618,0.0,99.09363902752565,2.1965825240724794,99.09363902752565,2.1965825240724794,50.160646185450524,Nucleation_FOPT,
125.2,35.0,0.0,246.22,0.0885866790410082,0.0149211203978806,0.0,119.14213606627804,1.6084405668806536,119.14213606627804,1.6084405668806536,114.25544995381316,Nucleation_FOPT,
125.2,35.0,0.0,246.22,0.1623776739188721,0.042669060788891,0.0,86.82316873244308,2.6253194005754703,86.82316873244308,2.6253194005754703,69.2067169317124,Nucleation_FOPT,
125.2,35.0,0.0,246.22,0.1623776739188721,0.0632920187466707,0.0,107.4376583772397,0.9823816451161206,107.4376583772397,0.9823816451161206,107.15291378441736,Nucleation_FOPT,
125.2,35.0,0.0,246.22,0.2976351441631319,0.1279455632530902,0.0,,,,,,meta_stable,
125.2,35.0,0.0,246.22,0.2976351441631319,0.2020524254870373,0.0,92.41747551359224,1.0024540149309968,92.41747551359224,1.0024540149309968,92.17211067083252,Nucleation_FOPT,
125.2,35.0,0.0,246.22,0.5455594781168515,0.533736673430918,0.0,52.87669214607222,4.596108725031917,,,,Trapped_FOPT,
125.2,35.0,0.0,246.22,0.5455594781168515,0.577312769828778,0.0,65.46637283746625,3.6521732508092866,,,,error,ValueError: The function value at x=1.1388234840898883e+308 is NaN; solver cannot continue.
125.2,35.0,0.0,246.22,0.5455594781168515,0.6244465685015622,0.0,74.41230659572813,3.1565102826100047,,,,error,ValueError: The function value at x=1.1679864057686522e+308 is NaN; solver cannot continue.
125.2,10.0,0.0,246.22,0.0051089697745069,2.395138225155514e-05,0.0,123.1733972678954,1.5071902348003086,123.1733972678954,1.5071902348003086,93.78635184283385,Nucleation_FOPT,
125.2,10.0,0.0,246.22,0.0082540418526801,0.0001435126004895,0.0,115.71035291319102,1.7095529149293913,115.71035291319102,1.7095529149293913,111.80308116410343,Nucleation_FOPT,
125.2,20.0,0.0,246.22,0.0348070058842841,0.0019679133182489,0.0,105.78441499763413,1.9918851258892163,105.78441499763413,1.9918851258892163,92.60243172142098,Nucleation_FOPT,
125.2,20.0,0.0,246.22,0.0562341325190349,0.0066969845368432,0.0,98.94338209753595,2.2027000211739156,98.94338209753595,2.2027000211739156,95.81544250701168,Nucleation_FOPT,
125.2,20.0,0.0,246.22,0.0908517575651687,0.0191231739849444,0.0,93.8593889515315,0.9589876919470874,93.8593889515315,0.9589876919470874,93.62064582636542,Nucleation_FOPT,
125.2,20.0,0.0,246.22,0.146779926762207,0.0345077155145746,0.0,10.397928482562032,23.678704916318534,,,,error,ValueError: The function value at x=1.5224596572764175e+308 is NaN; solver cannot continue.
125.2,30.0,0.0,246.22,0.0348070058842841,0.0001519017611412,0.0,,,,,,timeout,exceeded 30s
125.2,30.0,0.0,246.22,0.0348070058842841,0.0004558977595723,0.0,139.31697582922627,1.0637231757166634,139.31697582922627,1.0637231757166634,111.04544453848943,Nucleation_FOPT,
125.2,30.0,0.0,246.22,0.0348070058842841,0.0013682709510512,0.0,141.94306041218283,0.9867619006763674,141.94306041218283,0.9867619006763674,139.79516869843408,Nucleation_FOPT,
125.2,30.0,0.0,246.22,0.0562341325190349,0.0028360902659785,0.0,,,,,,no_transition,
125.2,30.0,0.0,246.22,0.0562341325190349,0.0059037783370867,0.0,,,,,,no_transition,
125.2,30.0,0.0,246.22,0.0908517575651687,0.0125084188299398,0.0,95.77949738253511,2.305470801767066,95.77949738253511,2.305470801767066,76.74114652262332,Nucleation_FOPT,
125.2,30.0,0.0,246.22,0.2371373705661655,0.1096970660470082,0.0,77.76520569551185,3.0038171460243914,77.76520569551185,3.0038171460243914,72.27057175963472,Nucleation_FOPT,
125.2,30.0,0.0,246.22,0.3831186849557293,0.2828547785194656,0.0,65.48700810761638,3.6530060865851195,65.48700810761638,3.6530060865851195,60.82477292922352,Nucleation_FOPT,
125.2,30.0,0.0,246.22,0.618965818891261,0.7018770369550628,0.0,44.55696191615333,5.488300100056823,,,,timeout,exceeded 30s
125.2,30.0,0.0,246.22,0.618965818891261,0.7336322337165163,0.0,54.78727397516264,4.4261320811065845,,,,error,ValueError: The function value at x=1.0872269800481006e+308 is NaN; solver cannot continue.
125.2,30.0,0.0,246.22,0.618965818891261,0.7668241387164004,0.0,62.10021415111919,1.069385885693006,,,,error,ValueError: The function value at x=1.264874637877049e+308 is NaN; solver cannot continue.
125.2,30.0,0.0,246.22,0.618965818891261,0.8015177533016722,0.0,69.76980426190345,0.9447370221163736,69.76980426190345,0.9447370221163736,69.60388114522779,Nucleation_FOPT,
125.2,40.0,0.0,246.22,0.0908517575651687,0.0053842927105774,0.0,102.6091936499256,2.085562814005893,,,,Trapped_FOPT,
125.2,40.0,0.0,246.22,0.0908517575651687,0.0103451687447469,0.0,122.36249801765238,1.5211210266872646,,,,Trapped_FOPT,
125.2,40.0,0.0,246.22,0.146779926762207,0.0268534398639551,0.0,90.84189767144811,2.4758242126280834,90.84189767144811,2.4758242126280834,51.72045005595359,Nucleation_FOPT,
125.2,40.0,0.0,246.22,0.2371373705661655,0.1203485279391761,0.0,99.11924654865963,2.1871818760613717,99.11924654865963,2.1871818760613717,96.65770944029107,Nucleation_FOPT,
125.2,40.0,0.0,246.22,0.3831186849557293,0.2508372455976945,0.0,67.44381027935033,3.5365337019268477,67.44381027935033,3.5365337019268477,49.842506142709,Nucleation_FOPT,
125.2,40.0,0.0,246.22,0.3831186849557293,0.2981727977460189,0.0,83.84711505778856,2.735701665814961,83.84711505778856,2.735701665814961,80.14658426844751,Nucleation_FOPT,
125.2,40.0,0.0,246.22,0.618965818891261,0.6537252238593828,0.0,47.05966354255569,5.189113729164273,,,,timeout,exceeded 30s
125.2,40.0,0.0,246.22,0.618965818891261,0.7270201231565325,0.0,65.80053059111165,3.6314931036865707,65.80053059111165,3.6314931036865707,59.53121724238911,Nucleation_FOPT,
125.2,40.0,0.0,246.22,0.618965818891261,0.7666939328644253,0.0,72.06725346748865,3.27609864609286,72.06725346748865,3.27609864609286,69.12039072253542,Nucleation_FOPT,
125.2,40.0,0.0,246.22,0.618965818891261,0.8085327599172359,0.0,77.37202790876997,3.013579680559762,,,,error,ValueError: The function value at x=1.153637492084609e+308 is NaN; solver cannot continue.
125.2,40.0,0.0,246.22,0.618965818891261,0.8526547502691417,0.0,83.85551340748643,0.9128121371397117,,,,error,ValueError: The function value at x=3.304500297447217e+307 is NaN; solver cannot continue.
125.2,50.0,0.0,246.22,0.0908517575651687,0.0009816921355795,0.0,213.37751613798434,0.0,,,,FOPT,
125.2,50.0,0.0,246.22,0.0908517575651687,0.0026405422720275,0.0,144.3685000904418,0.903577501633516,144.3685000904418,0.903577501633516,133.38986253608385,Nucleation_FOPT,
125.2,50.0,0.0,246.22,0.0908517575651687,0.0071024950059814,0.0,143.41962479466264,0.9334979719640262,143.41962479466264,0.9334979719640262,142.51061327391227,Nucleation_FOPT,
125.2,50.0,0.0,246.22,0.146779926762207,0.0136743174242197,0.0,96.92216188914371,2.265570397967063,,,,Trapped_FOPT,
125.2,50.0,0.0,246.22,0.146779926762207,0.0233839271794429,0.0,117.00139722169558,1.6636273746382497,,,,Trapped_FOPT,
125.2,50.0,0.0,246.22,0.146779926762207,0.0399879594256742,0.0,128.0114336268598,1.3633150544316255,128.0114336268598,1.3633150544316255,124.59353884981604,Nucleation_FOPT,
125.2,50.0,0.0,246.22,0.2371373705661655,0.0462568687695663,0.0,,,,,,meta_stable,
125.2,50.0,0.0,246.22,0.2371373705661655,0.0915806528759338,0.0,102.98411550722712,2.0659941149342753,102.98411550722712,2.0659941149342753,91.17016396195604,Nucleation_FOPT,
125.2,50.0,0.0,246.22,0.2371373705661655,0.1288598102145497,0.0,115.20749307677545,1.7060512526683984,115.20749307677545,1.7060512526683984,114.08642861835897,Nucleation_FOPT,
125.2,50.0,0.0,246.22,0.3831186849557293,0.1747879985054238,0.0,,,,,,meta_stable,
125.2,50.0,0.0,246.22,0.3831186849557293,0.2121665849694637,0.0,70.01554087260648,3.39173076908436,70.01554087260648,3.39173076908436,22.163713151862638,Nucleation_FOPT,
125.2,50.0,0.0,246.22,0.3831186849557293,0.2575386191415646,0.0,86.98671488629205,2.612018855267044,,,,Trapped_FOPT,
125.2,50.0,0.0,246.22,0.3831186849557293,0.3126135077250259,0.0,98.54511931696152,2.2000263046707143,,,,error,ValueError: The function value at x=1.3894162530774298e+308 is NaN; solver cannot continue.
125.2,50.0,0.0,246.22,0.618965818891261,0.5940273830165762,0.0,50.053132800696226,4.868832542141062,,,,Trapped_FOPT,
125.2,50.0,0.0,246.22,0.618965818891261,0.6339874443143544,0.0,61.81947258406099,3.8909150260222614,61.81947258406099,3.8909150260222614,38.055617653241995,Nucleation_FOPT,
125.2,50.0,0.0,246.22,0.618965818891261,0.6766356081215039,0.0,70.2089454497762,3.377281910765045,70.2089454497762,3.377281910765045,56.38069090260299,Nucleation_FOPT,
125.2,50.0,0.0,246.22,0.618965818891261,0.7221527023663666,0.0,76.920653317756,3.0363722357386416,,,,Trapped_FOPT,
125.2,50.0,0.0,246.22,0.618965818891261,0.7707317192230876,0.0,82.57962925290738,2.784316435605567,82.57962925290738,2.784316435605567,78.2992509468272,Nucleation_FOPT,
125.2,50.0,0.0,246.22,0.618965818891261,0.8225786333971384,0.0,87.49797857167007,2.5857914083789586,87.49797857167007,2.5857914083789586,86.11574203510624,Nucleation_FOPT,
125.2,50.0,0.0,246.22,0.618965818891261,0.8779132754566863,0.0,93.00318474030267,0.9680445559841254,93.00318474030267,0.9680445559841254,92.77114306947217,Nucleation_FOPT,
125.2,10.0,0.0,246.22,0.0051089697745069,1.4895349478065475e-05,0.0,111.05280189133624,1.8404707391560196,,,,error,KeyError: np.float64(141.45191953047618)
125.2,10.0,0.0,246.22,0.0051089697745069,3.502309238318339e-05,0.0,129.21288241740163,1.3455752969282733,,,,error,KeyError: np.float64(137.89688750290898)
125.2,10.0,0.0,246.22,0.0082540418526801,9.667687969803904e-05,0.0,103.07733037987623,2.0758098284615887,103.07733037987623,2.0758098284615887,80.58891077180476,Nucleation_FOPT,
125.2,10.0,0.0,246.22,0.0215443469003188,0.0010880805096283,0.0,94.9323585236049,1.0006297945851614,94.9323585236049,1.0006297945851614,94.6221924024417,Nucleation_FOPT,
125.2,20.0,0.0,246.22,0.0215443469003188,0.0004814145341054,0.0,121.64411478925804,1.546650152019031,121.64411478925804,1.546650152019031,98.80618132330041,Nucleation_FOPT,
125.2,20.0,0.0,246.22,0.0215443469003188,0.000909862846209,0.0,131.3256915160133,1.286730749777826,131.3256915160133,1.286730749777826,128.55324049119736,Nucleation_FOPT,
125.2,20.0,0.0,246.22,0.0348070058842841,0.0014900562373899,0.0,93.2198389282863,2.3961598914371507,93.2198389282863,2.3961598914371507,52.68028873965508,Nucleation_FOPT,
125.2,20.0,0.0,246.22,0.0348070058842841,0.0024583777070757,0.0,113.04442268732748,1.7815569782152711,113.04442268732748,1.7815569782152711,108.51818275785104,Nucleation_FOPT,
125.2,20.0,0.0,246.22,0.0908517575651687,0.0160266924822013,0.0,80.64112986920762,2.880645112484466,80.64112986920762,2.880645112484466,74.478695814099,Nucleation_FOPT,
125.2,20.0,0.0,246.22,0.146779926762207,0.0438885027807926,0.0,,,,,,no_transition,
125.2,20.0,0.0,246.22,0.2371373705661655,0.1145662743417203,0.0,66.57287532093919,1.1407693385067477,66.57287532093919,1.1407693385067477,66.35386291434969,Nucleation_FOPT,
125.2,20.0,0.0,246.22,0.3831186849557293,0.2909849858942914,0.0,57.16690179705665,0.933825018718235,,,,error,ValueError: The function value at x=1.5929171637205948e+308 is NaN; solver cannot continue.
125.2,30.0,0.0,246.22,0.0348070058842841,0.0001025880708482,0.0,,,,,,timeout,exceeded 30s
125.2,30.0,0.0,246.22,0.0348070058842841,0.0002079388155789,0.0,132.28620201941055,1.2593344174300307,,,,error,KeyError: np.float64(154.59239519686162)
125.2,30.0,0.0,246.22,0.0348070058842841,0.0004214773771147,0.0,138.89734718195803,1.0757658184031502,138.89734718195803,1.0757658184031502,105.19191772302425,Nucleation_FOPT,
125.2,30.0,0.0,246.22,0.0348070058842841,0.0008543050460535,0.0,141.34728941224645,1.004495079936033,141.34728941224645,1.004495079936033,133.1452354478822,Nucleation_FOPT,
125.2,30.0,0.0,246.22,0.0562341325190349,0.0021827409404732,0.0,92.77105438504795,2.4109564824053864,,,,Trapped_FOPT,
125.2,30.0,0.0,246.22,0.0562341325190349,0.0034969895397361,0.0,,,,,,no_transition,
125.2,30.0,0.0,246.22,0.0562341325190349,0.0056025594307917,0.0,123.77473573222555,1.4859018759882126,123.77473573222555,1.4859018759882126,118.12057310588078,Nucleation_FOPT,
125.2,30.0,0.0,246.22,0.0908517575651687,0.0102862267545737,0.0,83.84091668389173,2.746733923354836,83.84091668389173,2.746733923354836,27.99248332359038,Nucleation_FOPT,
125.2,30.0,0.0,246.22,0.0908517575651687,0.0146271417894121,0.0,103.00118523427209,2.0727769043076685,103.00118523427209,2.0727769043076685,93.55660918988481,Nucleation_FOPT,
125.2,30.0,0.0,246.22,0.146779926762207,0.0343597995315414,0.0,,,,,,no_transition,
125.2,30.0,0.0,246.22,0.2371373705661655,0.099390888997952,0.0,,,,,,no_transition,
125.2,30.0,0.0,246.22,0.2371373705661655,0.118706298131161,0.0,84.10297143008543,2.7293441698951026,84.10297143008543,2.7293441698951026,82.56865122696536,Nucleation_FOPT,
125.2,30.0,0.0,246.22,0.3831186849557293,0.2673497292625359,0.0,57.146258113221435,4.234997411683207,,,,Trapped_FOPT,
125.2,30.0,0.0,246.22,0.3831186849557293,0.2959037964529126,0.0,70.84615383348651,3.34386115824284,,,,error,ValueError: The function value at x=1.2372635702379606e+308 is NaN; solver cannot continue.
125.2,30.0,0.0,246.22,0.618965818891261,0.6908721520157545,0.0,39.263234009948256,6.245025959219887,,,,Trapped_FOPT,
125.2,30.0,0.0,246.22,0.618965818891261,0.7108070250157077,0.0,47.96920844222165,5.086213780900024,,,,Trapped_FOPT,
125.2,30.0,0.0,246.22,0.618965818891261,0.7313171117659397,0.0,54.18324988484101,4.478298045630358,,,,error,ValueError: The function value at x=1.0861237288440764e+308 is NaN; solver cannot continue.
125.2,30.0,0.0,246.22,0.618965818891261,0.7524190098569401,0.0,59.18943259712804,4.075726339029272,,,,error,ValueError: The function value at x=1.0960322214027366e+308 is NaN; solver cannot continue.
125.2,30.0,0.0,246.22,0.618965818891261,0.774129795796835,0.0,63.86260005440748,1.04765176677623,63.86260005440748,1.04765176677623,63.681303536669304,Nucleation_FOPT,
125.2,30.0,0.0,246.22,0.618965818891261,0.7964670388303879,0.0,68.75361015661541,0.9646074946875863,68.75361015661541,0.9646074946875863,68.5840587064585,Nucleation_FOPT,
125.2,40.0,0.0,246.22,0.0908517575651687,0.0064887311608903,0.0,109.87359471940293,1.8684535359604275,109.87359471940293,1.8684535359604275,52.702309895447165,Nucleation_FOPT,
125.2,40.0,0.0,246.22,0.0908517575651687,0.0098736970816838,0.0,121.38013940793827,1.5477458218636397,,,,error,ValueError: The function value at x=1.7932611218155803e+308 is NaN; solver cannot continue.
125.2,40.0,0.0,246.22,0.0908517575651687,0.0150244927156874,0.0,128.76038716968358,1.3483787464525803,128.76038716968358,1.3483787464525803,125.01224805225782,Nucleation_FOPT,
125.2,40.0,0.0,246.22,0.146779926762207,0.022848936664478,0.0,79.3755948605107,2.935179258025663,,,,Trapped_FOPT,
125.2,40.0,0.0,246.22,0.146779926762207,0.030556743682354,0.0,97.90601260361947,2.2322167906518127,97.90601260361947,2.2322167906518127,76.77113944475666,Nucleation_FOPT,
125.2,40.0,0.0,246.22,0.146779926762207,0.0408646843474636,0.0,109.81025683299661,1.8659885383670243,109.81025683299661,1.8659885383670243,103.87344268592572,Nucleation_FOPT,
125.2,40.0,0.0,246.22,0.2371373705661655,0.0798286699468568,0.0,69.88883000219123,3.4010580882523858,69.88883000219123,3.4010580882523858,15.597808016657517,Nucleation_FOPT,
125.2,40.0,0.0,246.22,0.2371373705661655,0.0969634834490787,0.0,86.67782973401826,2.628191000150231,,,,error,KeyError: np.float64(101.5748359495969)
125.2,40.0,0.0,246.22,0.2371373705661655,0.1177761965574369,0.0,98.05229521730259,2.2221037205498506,,,,error,ValueError: The function value at x=1.5376347544768636e+308 is NaN; solver cannot continue.
125.2,40.0,0.0,246.22,0.3831186849557293,0.2358192029251439,0.0,58.837201175101875,4.106096830147578,,,,error,ValueError: The function value at x=1.202868431943269e+308 is NaN; solver cannot continue.
125.2,40.0,0.0,246.22,0.3831186849557293,0.2635374310247603,0.0,72.96736991962653,3.2337848617289224,72.96736991962653,3.2337848617289224,61.05555401173818,Nucleation_FOPT,
125.2,40.0,0.0,246.22,0.3831186849557293,0.2945136642378374,0.0,82.89480137191842,2.7751530149412145,82.89480137191842,2.7751530149412145,78.58365550322547,Nucleation_FOPT,
125.2,40.0,0.0,246.22,0.3831186849557293,0.3291308490240549,0.0,91.28900477120635,1.1630247221042795,91.28900477120635,1.1630247221042795,90.97649339487597,Nucleation_FOPT,
125.2,40.0,0.0,246.22,0.618965818891261,0.6414369275123065,0.0,41.40738957107966,5.916984654478603,,,,timeout,exceeded 30s
125.2,40.0,0.0,246.22,0.618965818891261,0.6637251426465749,0.0,50.705108025137825,4.802496390367678,,,,timeout,exceeded 30s
125.2,40.0,0.0,246.22,0.618965818891261,0.6867878135574979,0.0,57.346705936678276,4.217702605505193,,,,error,KeyError: np.float64(78.4832959420697)
125.2,40.0,0.0,246.22,0.618965818891261,0.7106518505089247,0.0,62.69624872026387,3.8301991571693588,,,,Trapped_FOPT,
125.2,40.0,0.0,246.22,0.618965818891261,0.7353450988242939,0.0,67.24625721109207,3.54442625101127,67.24625721109207,3.54442625101127,61.77386366170028,Nucleation_FOPT,
125.2,40.0,0.0,246.22,0.618965818891261,0.7608963713774496,0.0,71.23996318667163,3.319958910351042,71.23996318667163,3.319958910351042,67.87352690537746,Nucleation_FOPT,
125.2,40.0,0.0,246.22,0.618965818891261,0.7873354822124263,0.0,74.81795881018537,3.1361665821308247,,,,error,ValueError: The function value at x=1.1433799108193824e+308 is NaN; solver cannot continue.
125.2,40.0,0.0,246.22,0.618965818891261,0.8146932813314315,0.0,78.07000527067714,2.981222245957981,,,,error,ValueError: The function value at x=1.155443941702943e+308 is NaN; solver cannot continue.
125.2,40.0,0.0,246.22,0.618965818891261,0.843001690691617,0.0,82.52205338098953,0.968930582899732,,,,error,ValueError: The function value at x=2.440046420381421e+307 is NaN; solver cannot continue.
125.2,50.0,0.0,246.22,0.0908517575651687,0.0004842102929985,0.0,,,,,,timeout,exceeded 30s
125.2,50.0,0.0,246.22,0.0908517575651687,0.0032641906229109,0.0,144.1952336834905,0.9090819507368189,144.1952336834905,0.9090819507368189,136.31384433019952,Nucleation_FOPT,
125.2,50.0,0.0,246.22,0.0908517575651687,0.0061662720019587,0.0,143.55881590988463,0.9291367841221642,143.55881590988463,0.9291367841221642,141.61818958078956,Nucleation_FOPT,
125.2,50.0,0.0,246.22,0.146779926762207,0.0112898236862151,0.0,84.92307719185202,2.7018989893304104,,,,Trapped_FOPT,
125.2,50.0,0.0,246.22,0.146779926762207,0.0159397114396035,0.0,104.13039762531137,2.036085702178043,,,,Trapped_FOPT,
125.2,50.0,0.0,246.22,0.146779926762207,0.0225047270745292,0.0,115.95605644154406,1.692659148089207,115.95605644154406,1.692659148089207,94.5029883486169,Nucleation_FOPT,
125.2,50.0,0.0,246.22,0.146779926762207,0.0317736455028102,0.0,124.00115695387866,1.472117582515263,124.00115695387866,1.472117582515263,116.10932180612019,Nucleation_FOPT,
125.2,50.0,0.0,246.22,0.146779926762207,0.0448601107311748,0.0,129.71202873898366,1.3170277743016143,129.71202873898366,1.3170277743016143,127.93697191212789,Nucleation_FOPT,
125.2,50.0,0.0,246.22,0.2371373705661655,0.0576130392374664,0.0,72.92409805045483,3.240806148174202,,,,Trapped_FOPT,
125.2,50.0,0.0,246.22,0.2371373705661655,0.0717571763604043,0.0,90.29301538549714,2.492770722035926,90.29301538549714,2.492770722035926,54.348282586112845,Nucleation_FOPT,
125.2,50.0,0.0,246.22,0.2371373705661655,0.0893737325329236,0.0,101.90501583013673,2.0997325960329616,101.90501583013673,2.0997325960329616,88.80824205611805,Nucleation_FOPT,
125.2,50.0,0.0,246.22,0.2371373705661655,0.1113151948280142,0.0,110.53942066029971,1.8394571067728294,110.53942066029971,1.8394571067728294,105.9635964326985,Nucleation_FOPT,
125.2,50.0,0.0,246.22,0.2371373705661655,0.1386433379072996,0.0,117.86271456820295,0.9295198510534638,117.86271456820295,0.9295198510534638,117.58050769919222,Nucleation_FOPT,
125.2,50.0,0.0,246.22,0.3831186849557293,0.1979784514301123,0.0,61.06787580652298,3.945735677240488,,,,Trapped_FOPT,
125.2,50.0,0.0,246.22,0.3831186849557293,0.2242457580944784,0.0,75.74390766004569,3.0971444697177053,75.74390766004569,3.0971444697177053,46.93403302537255,Nucleation_FOPT,
125.2,50.0,0.0,246.22,0.3831186849557293,0.253998148081882,0.0,86.00581330353327,2.6504161913336164,,,,error,ValueError: The function value at x=1.3054852497837386e+308 is NaN; solver cannot continue.
125.2,50.0,0.0,246.22,0.3831186849557293,0.28769801389886,0.0,94.02245203147615,2.353199394633415,94.02245203147615,2.353199394633415,88.16780850103872,Nucleation_FOPT,
125.2,50.0,0.0,246.22,0.3831186849557293,0.3258690971820228,0.0,100.6148498896679,2.1327678689880387,100.6148498896679,2.1327678689880387,99.25047058092497,Nucleation_FOPT,
125.2,50.0,0.0,246.22,0.618965818891261,0.5803747900317053,0.0,43.96974775338385,5.565676020847818,,,,Trapped_FOPT,
125.2,50.0,0.0,246.22,0.618965818891261,0.6051803326609335,0.0,53.978130474150596,4.498724618345406,,,,timeout,exceeded 30s
125.2,50.0,0.0,246.22,0.618965818891261,0.6310460780344899,0.0,61.12515695014788,3.938969892890363,61.12515695014788,3.938969892890363,36.31841336999687,Nucleation_FOPT,
125.2,50.0,0.0,246.22,0.618965818891261,0.6580173398097243,0.0,66.87616558377601,3.5678136943520222,66.87616558377601,3.5678136943520222,49.58304034059748,Nucleation_FOPT,
125.2,50.0,0.0,246.22,0.618965818891261,0.6861413683750067,0.0,71.7594603951319,3.29382254852018,71.7594603951319,3.29382254852018,59.379500275185855,Nucleation_FOPT,
125.2,50.0,0.0,246.22,0.618965818891261,0.7154674336266924,0.0,76.03610291739967,3.078489573187962,,,,Trapped_FOPT,
125.2,50.0,0.0,246.22,0.618965818891261,0.7460469112840213,0.0,79.8579729845211,2.902054991323229,79.8579729845211,2.902054991323229,73.80224043401051,Nucleation_FOPT,
125.2,50.0,0.0,246.22,0.618965818891261,0.7779333728931633,0.0,83.32237044907643,2.7532265991821907,83.32237044907643,2.7532265991821907,79.50301542634536,Nucleation_FOPT,
125.2,50.0,0.0,246.22,0.618965818891261,0.8111826796780884,0.0,86.49600935395583,2.624892053353741,86.49600935395583,2.624892053353741,84.55053368153114,Nucleation_FOPT,
125.2,50.0,0.0,246.22,0.618965818891261,0.8458530804026739,0.0,89.42696404231647,2.512289964787576,,,,error,ValueError: The function value at x=1.2112302021667576e+308 is NaN; solver cannot continue.
125.2,50.0,0.0,246.22,0.618965818891261,0.8820053134154937,0.0,93.4318422999776,0.9404059580567877,93.4318422999776,0.9404059580567877,93.21017173648531,Nucleation_FOPT,
125.2,17.894736842105264,0.0,246.22,0.0562341325190349,0.0040333876299812,0.0,,,,,,meta_stable,
125.2,31.05263157894737,0.0,246.22,0.0562341325190349,0.0011534621032501,0.0,,,,,,meta_stable,
125.2,31.05263157894737,0.0,246.22,0.0562341325190349,0.0062589646373285,0.0,128.52779526265064,1.3581456355987582,128.52779526265064,1.3581456355987582,125.64605868992452,Nucleation_FOPT,
125.2,36.31578947368421,0.0,246.22,0.0562341325190349,0.0023540950154519,0.0,135.09737360359918,1.1797307655408609,135.09737360359918,1.1797307655408609,120.47840556971613,Nucleation_FOPT,
125.2,38.94736842105263,0.0,246.22,0.0562341325190349,0.0007989262857719,0.0,142.571499867594,0.9645908439242689,142.571499867594,0.9645908439242689,113.25853064426144,Nucleation_FOPT,
